-- Generated by worker/worldcup_worker/generate_seed.py — do not edit by hand.
-- Deterministic mock data: full stack runs offline without API keys.

begin;

insert into teams (id, name, country_code, flag_url, fifa_ranking, elo, group_letter) values
  (100, 'United States', 'USA', 'https://flagcdn.com/w80/us.png', 11, 1820.5, 'A'),
  (101, 'Mexico', 'MEX', 'https://flagcdn.com/w80/mx.png', 17, 1806.6, 'A'),
  (102, 'Canada', 'CAN', 'https://flagcdn.com/w80/ca.png', 31, 1730.1, 'A'),
  (103, 'Argentina', 'ARG', 'https://flagcdn.com/w80/ar.png', 1, 1912.5, 'A'),
  (104, 'France', 'FRA', 'https://flagcdn.com/w80/fr.png', 2, 1869.1, 'B'),
  (105, 'Brazil', 'BRA', 'https://flagcdn.com/w80/br.png', 5, 1858.7, 'B'),
  (106, 'England', 'ENG', 'https://flagcdn.com/w80/gb-eng.png', 4, 1883.1, 'B'),
  (107, 'Spain', 'ESP', 'https://flagcdn.com/w80/es.png', 3, 1886.3, 'B'),
  (108, 'Germany', 'GER', 'https://flagcdn.com/w80/de.png', 10, 1859.2, 'C'),
  (109, 'Portugal', 'POR', 'https://flagcdn.com/w80/pt.png', 6, 1869.4, 'C'),
  (110, 'Netherlands', 'NED', 'https://flagcdn.com/w80/nl.png', 7, 1873.0, 'C'),
  (111, 'Belgium', 'BEL', 'https://flagcdn.com/w80/be.png', 8, 1869.4, 'C'),
  (112, 'Croatia', 'CRO', 'https://flagcdn.com/w80/hr.png', 9, 1863.1, 'D'),
  (113, 'Italy', 'ITA', 'https://flagcdn.com/w80/it.png', 12, 1838.3, 'D'),
  (114, 'Uruguay', 'URU', 'https://flagcdn.com/w80/uy.png', 13, 1815.5, 'D'),
  (115, 'Colombia', 'COL', 'https://flagcdn.com/w80/co.png', 14, 1828.7, 'D'),
  (116, 'Ecuador', 'ECU', 'https://flagcdn.com/w80/ec.png', 24, 1748.5, 'E'),
  (117, 'Peru', 'PER', 'https://flagcdn.com/w80/pe.png', 36, 1717.8, 'E'),
  (118, 'Paraguay', 'PAR', 'https://flagcdn.com/w80/py.png', 43, 1661.0, 'E'),
  (119, 'Japan', 'JPN', 'https://flagcdn.com/w80/jp.png', 15, 1833.2, 'E'),
  (120, 'South Korea', 'KOR', 'https://flagcdn.com/w80/kr.png', 22, 1788.3, 'F'),
  (121, 'Australia', 'AUS', 'https://flagcdn.com/w80/au.png', 25, 1771.5, 'F'),
  (122, 'Iran', 'IRN', 'https://flagcdn.com/w80/ir.png', 18, 1786.5, 'F'),
  (123, 'Saudi Arabia', 'KSA', 'https://flagcdn.com/w80/sa.png', 56, 1579.6, 'F'),
  (124, 'Qatar', 'QAT', 'https://flagcdn.com/w80/qa.png', 44, 1682.0, 'G'),
  (125, 'Uzbekistan', 'UZB', 'https://flagcdn.com/w80/uz.png', 60, 1591.5, 'G'),
  (126, 'Jordan', 'JOR', 'https://flagcdn.com/w80/jo.png', 68, 1541.3, 'G'),
  (127, 'Morocco', 'MAR', 'https://flagcdn.com/w80/ma.png', 16, 1837.0, 'G'),
  (128, 'Senegal', 'SEN', 'https://flagcdn.com/w80/sn.png', 19, 1796.2, 'H'),
  (129, 'Tunisia', 'TUN', 'https://flagcdn.com/w80/tn.png', 40, 1658.8, 'H'),
  (130, 'Egypt', 'EGY', 'https://flagcdn.com/w80/eg.png', 33, 1710.5, 'H'),
  (131, 'Nigeria', 'NGA', 'https://flagcdn.com/w80/ng.png', 38, 1693.9, 'H'),
  (132, 'Cameroon', 'CMR', 'https://flagcdn.com/w80/cm.png', 50, 1614.6, 'I'),
  (133, 'Ghana', 'GHA', 'https://flagcdn.com/w80/gh.png', 64, 1545.9, 'I'),
  (134, 'Ivory Coast', 'CIV', 'https://flagcdn.com/w80/ci.png', 39, 1704.3, 'I'),
  (135, 'Algeria', 'ALG', 'https://flagcdn.com/w80/dz.png', 37, 1706.7, 'I'),
  (136, 'South Africa', 'RSA', 'https://flagcdn.com/w80/za.png', 57, 1590.4, 'J'),
  (137, 'Switzerland', 'SUI', 'https://flagcdn.com/w80/ch.png', 20, 1766.2, 'J'),
  (138, 'Denmark', 'DEN', 'https://flagcdn.com/w80/dk.png', 21, 1795.0, 'J'),
  (139, 'Sweden', 'SWE', 'https://flagcdn.com/w80/se.png', 27, 1744.7, 'J'),
  (140, 'Norway', 'NOR', 'https://flagcdn.com/w80/no.png', 32, 1720.1, 'K'),
  (141, 'Poland', 'POL', 'https://flagcdn.com/w80/pl.png', 28, 1740.9, 'K'),
  (142, 'Austria', 'AUT', 'https://flagcdn.com/w80/at.png', 23, 1777.8, 'K'),
  (143, 'Serbia', 'SRB', 'https://flagcdn.com/w80/rs.png', 30, 1734.9, 'K'),
  (144, 'Turkey', 'TUR', 'https://flagcdn.com/w80/tr.png', 26, 1737.8, 'L'),
  (145, 'Ukraine', 'UKR', 'https://flagcdn.com/w80/ua.png', 29, 1740.8, 'L'),
  (146, 'Panama', 'PAN', 'https://flagcdn.com/w80/pa.png', 42, 1681.5, 'L'),
  (147, 'New Zealand', 'NZL', 'https://flagcdn.com/w80/nz.png', 89, 1415.5, 'L');

insert into players (id, team_id, name, position, shirt_number, photo_url, age) values
  (10001, 100, 'USA GK 1', 'GK', 1, null, 34),
  (10002, 100, 'USA GK 2', 'GK', 2, null, 31),
  (10003, 100, 'USA DF 3', 'DF', 3, null, 35),
  (10004, 100, 'USA DF 4', 'DF', 4, null, 27),
  (10005, 100, 'USA DF 5', 'DF', 5, null, 32),
  (10006, 100, 'USA DF 6', 'DF', 6, null, 34),
  (10007, 100, 'USA DF 7', 'DF', 7, null, 35),
  (10008, 100, 'USA MF 8', 'MF', 8, null, 35),
  (10009, 100, 'USA MF 9', 'MF', 9, null, 19),
  (10010, 100, 'USA MF 10', 'MF', 10, null, 26),
  (10011, 100, 'USA MF 11', 'MF', 11, null, 23),
  (10012, 100, 'USA FW 12', 'FW', 12, null, 20),
  (10013, 100, 'USA FW 13', 'FW', 13, null, 35),
  (10014, 100, 'USA FW 14', 'FW', 14, null, 22),
  (10015, 100, 'USA FW 15', 'FW', 15, null, 32),
  (10016, 101, 'MEX GK 1', 'GK', 1, null, 34),
  (10017, 101, 'MEX GK 2', 'GK', 2, null, 23),
  (10018, 101, 'MEX DF 3', 'DF', 3, null, 34),
  (10019, 101, 'MEX DF 4', 'DF', 4, null, 26),
  (10020, 101, 'MEX DF 5', 'DF', 5, null, 22),
  (10021, 101, 'MEX DF 6', 'DF', 6, null, 33),
  (10022, 101, 'MEX DF 7', 'DF', 7, null, 34),
  (10023, 101, 'MEX MF 8', 'MF', 8, null, 27),
  (10024, 101, 'MEX MF 9', 'MF', 9, null, 31),
  (10025, 101, 'MEX MF 10', 'MF', 10, null, 28),
  (10026, 101, 'MEX MF 11', 'MF', 11, null, 35),
  (10027, 101, 'MEX FW 12', 'FW', 12, null, 34),
  (10028, 101, 'MEX FW 13', 'FW', 13, null, 31),
  (10029, 101, 'MEX FW 14', 'FW', 14, null, 32),
  (10030, 101, 'MEX FW 15', 'FW', 15, null, 25),
  (10031, 102, 'CAN GK 1', 'GK', 1, null, 28),
  (10032, 102, 'CAN GK 2', 'GK', 2, null, 27),
  (10033, 102, 'CAN DF 3', 'DF', 3, null, 19),
  (10034, 102, 'CAN DF 4', 'DF', 4, null, 20),
  (10035, 102, 'CAN DF 5', 'DF', 5, null, 23),
  (10036, 102, 'CAN DF 6', 'DF', 6, null, 33),
  (10037, 102, 'CAN DF 7', 'DF', 7, null, 35),
  (10038, 102, 'CAN MF 8', 'MF', 8, null, 34),
  (10039, 102, 'CAN MF 9', 'MF', 9, null, 30),
  (10040, 102, 'CAN MF 10', 'MF', 10, null, 25),
  (10041, 102, 'CAN MF 11', 'MF', 11, null, 27),
  (10042, 102, 'CAN FW 12', 'FW', 12, null, 34),
  (10043, 102, 'CAN FW 13', 'FW', 13, null, 33),
  (10044, 102, 'CAN FW 14', 'FW', 14, null, 35),
  (10045, 102, 'CAN FW 15', 'FW', 15, null, 34),
  (10046, 103, 'ARG GK 1', 'GK', 1, null, 32),
  (10047, 103, 'ARG GK 2', 'GK', 2, null, 20),
  (10048, 103, 'ARG DF 3', 'DF', 3, null, 28),
  (10049, 103, 'ARG DF 4', 'DF', 4, null, 29),
  (10050, 103, 'ARG DF 5', 'DF', 5, null, 33),
  (10051, 103, 'ARG DF 6', 'DF', 6, null, 22),
  (10052, 103, 'ARG DF 7', 'DF', 7, null, 33),
  (10053, 103, 'ARG MF 8', 'MF', 8, null, 35),
  (10054, 103, 'ARG MF 9', 'MF', 9, null, 27),
  (10055, 103, 'ARG MF 10', 'MF', 10, null, 33),
  (10056, 103, 'ARG MF 11', 'MF', 11, null, 24),
  (10057, 103, 'ARG FW 12', 'FW', 12, null, 32),
  (10058, 103, 'ARG FW 13', 'FW', 13, null, 34),
  (10059, 103, 'ARG FW 14', 'FW', 14, null, 21),
  (10060, 103, 'ARG FW 15', 'FW', 15, null, 27),
  (10061, 104, 'FRA GK 1', 'GK', 1, null, 34),
  (10062, 104, 'FRA GK 2', 'GK', 2, null, 30),
  (10063, 104, 'FRA DF 3', 'DF', 3, null, 22),
  (10064, 104, 'FRA DF 4', 'DF', 4, null, 25),
  (10065, 104, 'FRA DF 5', 'DF', 5, null, 32),
  (10066, 104, 'FRA DF 6', 'DF', 6, null, 23),
  (10067, 104, 'FRA DF 7', 'DF', 7, null, 33),
  (10068, 104, 'FRA MF 8', 'MF', 8, null, 19),
  (10069, 104, 'FRA MF 9', 'MF', 9, null, 21),
  (10070, 104, 'FRA MF 10', 'MF', 10, null, 19),
  (10071, 104, 'FRA MF 11', 'MF', 11, null, 33),
  (10072, 104, 'FRA FW 12', 'FW', 12, null, 21),
  (10073, 104, 'FRA FW 13', 'FW', 13, null, 25),
  (10074, 104, 'FRA FW 14', 'FW', 14, null, 26),
  (10075, 104, 'FRA FW 15', 'FW', 15, null, 22),
  (10076, 105, 'BRA GK 1', 'GK', 1, null, 20),
  (10077, 105, 'BRA GK 2', 'GK', 2, null, 27),
  (10078, 105, 'BRA DF 3', 'DF', 3, null, 30),
  (10079, 105, 'BRA DF 4', 'DF', 4, null, 23),
  (10080, 105, 'BRA DF 5', 'DF', 5, null, 19),
  (10081, 105, 'BRA DF 6', 'DF', 6, null, 29),
  (10082, 105, 'BRA DF 7', 'DF', 7, null, 34),
  (10083, 105, 'BRA MF 8', 'MF', 8, null, 23),
  (10084, 105, 'BRA MF 9', 'MF', 9, null, 26),
  (10085, 105, 'BRA MF 10', 'MF', 10, null, 34),
  (10086, 105, 'BRA MF 11', 'MF', 11, null, 23),
  (10087, 105, 'BRA FW 12', 'FW', 12, null, 35),
  (10088, 105, 'BRA FW 13', 'FW', 13, null, 28),
  (10089, 105, 'BRA FW 14', 'FW', 14, null, 21),
  (10090, 105, 'BRA FW 15', 'FW', 15, null, 32),
  (10091, 106, 'ENG GK 1', 'GK', 1, null, 24),
  (10092, 106, 'ENG GK 2', 'GK', 2, null, 23),
  (10093, 106, 'ENG DF 3', 'DF', 3, null, 28),
  (10094, 106, 'ENG DF 4', 'DF', 4, null, 35),
  (10095, 106, 'ENG DF 5', 'DF', 5, null, 32),
  (10096, 106, 'ENG DF 6', 'DF', 6, null, 31),
  (10097, 106, 'ENG DF 7', 'DF', 7, null, 23),
  (10098, 106, 'ENG MF 8', 'MF', 8, null, 35),
  (10099, 106, 'ENG MF 9', 'MF', 9, null, 25),
  (10100, 106, 'ENG MF 10', 'MF', 10, null, 31),
  (10101, 106, 'ENG MF 11', 'MF', 11, null, 19),
  (10102, 106, 'ENG FW 12', 'FW', 12, null, 22),
  (10103, 106, 'ENG FW 13', 'FW', 13, null, 31),
  (10104, 106, 'ENG FW 14', 'FW', 14, null, 21),
  (10105, 106, 'ENG FW 15', 'FW', 15, null, 20),
  (10106, 107, 'ESP GK 1', 'GK', 1, null, 30),
  (10107, 107, 'ESP GK 2', 'GK', 2, null, 30),
  (10108, 107, 'ESP DF 3', 'DF', 3, null, 19),
  (10109, 107, 'ESP DF 4', 'DF', 4, null, 19),
  (10110, 107, 'ESP DF 5', 'DF', 5, null, 35),
  (10111, 107, 'ESP DF 6', 'DF', 6, null, 34),
  (10112, 107, 'ESP DF 7', 'DF', 7, null, 29),
  (10113, 107, 'ESP MF 8', 'MF', 8, null, 28),
  (10114, 107, 'ESP MF 9', 'MF', 9, null, 33),
  (10115, 107, 'ESP MF 10', 'MF', 10, null, 29),
  (10116, 107, 'ESP MF 11', 'MF', 11, null, 22),
  (10117, 107, 'ESP FW 12', 'FW', 12, null, 34),
  (10118, 107, 'ESP FW 13', 'FW', 13, null, 33),
  (10119, 107, 'ESP FW 14', 'FW', 14, null, 24),
  (10120, 107, 'ESP FW 15', 'FW', 15, null, 23),
  (10121, 108, 'GER GK 1', 'GK', 1, null, 35),
  (10122, 108, 'GER GK 2', 'GK', 2, null, 25),
  (10123, 108, 'GER DF 3', 'DF', 3, null, 32),
  (10124, 108, 'GER DF 4', 'DF', 4, null, 29),
  (10125, 108, 'GER DF 5', 'DF', 5, null, 33),
  (10126, 108, 'GER DF 6', 'DF', 6, null, 26),
  (10127, 108, 'GER DF 7', 'DF', 7, null, 21),
  (10128, 108, 'GER MF 8', 'MF', 8, null, 31),
  (10129, 108, 'GER MF 9', 'MF', 9, null, 20),
  (10130, 108, 'GER MF 10', 'MF', 10, null, 25),
  (10131, 108, 'GER MF 11', 'MF', 11, null, 24),
  (10132, 108, 'GER FW 12', 'FW', 12, null, 20),
  (10133, 108, 'GER FW 13', 'FW', 13, null, 20),
  (10134, 108, 'GER FW 14', 'FW', 14, null, 33),
  (10135, 108, 'GER FW 15', 'FW', 15, null, 25),
  (10136, 109, 'POR GK 1', 'GK', 1, null, 34),
  (10137, 109, 'POR GK 2', 'GK', 2, null, 19),
  (10138, 109, 'POR DF 3', 'DF', 3, null, 23),
  (10139, 109, 'POR DF 4', 'DF', 4, null, 35),
  (10140, 109, 'POR DF 5', 'DF', 5, null, 25),
  (10141, 109, 'POR DF 6', 'DF', 6, null, 35),
  (10142, 109, 'POR DF 7', 'DF', 7, null, 23),
  (10143, 109, 'POR MF 8', 'MF', 8, null, 24),
  (10144, 109, 'POR MF 9', 'MF', 9, null, 24),
  (10145, 109, 'POR MF 10', 'MF', 10, null, 31),
  (10146, 109, 'POR MF 11', 'MF', 11, null, 27),
  (10147, 109, 'POR FW 12', 'FW', 12, null, 32),
  (10148, 109, 'POR FW 13', 'FW', 13, null, 32),
  (10149, 109, 'POR FW 14', 'FW', 14, null, 21),
  (10150, 109, 'POR FW 15', 'FW', 15, null, 31),
  (10151, 110, 'NED GK 1', 'GK', 1, null, 28),
  (10152, 110, 'NED GK 2', 'GK', 2, null, 24),
  (10153, 110, 'NED DF 3', 'DF', 3, null, 30),
  (10154, 110, 'NED DF 4', 'DF', 4, null, 24),
  (10155, 110, 'NED DF 5', 'DF', 5, null, 27),
  (10156, 110, 'NED DF 6', 'DF', 6, null, 33),
  (10157, 110, 'NED DF 7', 'DF', 7, null, 34),
  (10158, 110, 'NED MF 8', 'MF', 8, null, 32),
  (10159, 110, 'NED MF 9', 'MF', 9, null, 28),
  (10160, 110, 'NED MF 10', 'MF', 10, null, 33),
  (10161, 110, 'NED MF 11', 'MF', 11, null, 24),
  (10162, 110, 'NED FW 12', 'FW', 12, null, 29),
  (10163, 110, 'NED FW 13', 'FW', 13, null, 35),
  (10164, 110, 'NED FW 14', 'FW', 14, null, 34),
  (10165, 110, 'NED FW 15', 'FW', 15, null, 33),
  (10166, 111, 'BEL GK 1', 'GK', 1, null, 22),
  (10167, 111, 'BEL GK 2', 'GK', 2, null, 35),
  (10168, 111, 'BEL DF 3', 'DF', 3, null, 35),
  (10169, 111, 'BEL DF 4', 'DF', 4, null, 27),
  (10170, 111, 'BEL DF 5', 'DF', 5, null, 22),
  (10171, 111, 'BEL DF 6', 'DF', 6, null, 25),
  (10172, 111, 'BEL DF 7', 'DF', 7, null, 26),
  (10173, 111, 'BEL MF 8', 'MF', 8, null, 19),
  (10174, 111, 'BEL MF 9', 'MF', 9, null, 21),
  (10175, 111, 'BEL MF 10', 'MF', 10, null, 33),
  (10176, 111, 'BEL MF 11', 'MF', 11, null, 29),
  (10177, 111, 'BEL FW 12', 'FW', 12, null, 32),
  (10178, 111, 'BEL FW 13', 'FW', 13, null, 24),
  (10179, 111, 'BEL FW 14', 'FW', 14, null, 19),
  (10180, 111, 'BEL FW 15', 'FW', 15, null, 30),
  (10181, 112, 'CRO GK 1', 'GK', 1, null, 24),
  (10182, 112, 'CRO GK 2', 'GK', 2, null, 30),
  (10183, 112, 'CRO DF 3', 'DF', 3, null, 25),
  (10184, 112, 'CRO DF 4', 'DF', 4, null, 22),
  (10185, 112, 'CRO DF 5', 'DF', 5, null, 27),
  (10186, 112, 'CRO DF 6', 'DF', 6, null, 25),
  (10187, 112, 'CRO DF 7', 'DF', 7, null, 28),
  (10188, 112, 'CRO MF 8', 'MF', 8, null, 27),
  (10189, 112, 'CRO MF 9', 'MF', 9, null, 23),
  (10190, 112, 'CRO MF 10', 'MF', 10, null, 22),
  (10191, 112, 'CRO MF 11', 'MF', 11, null, 27),
  (10192, 112, 'CRO FW 12', 'FW', 12, null, 22),
  (10193, 112, 'CRO FW 13', 'FW', 13, null, 32),
  (10194, 112, 'CRO FW 14', 'FW', 14, null, 24),
  (10195, 112, 'CRO FW 15', 'FW', 15, null, 22),
  (10196, 113, 'ITA GK 1', 'GK', 1, null, 20),
  (10197, 113, 'ITA GK 2', 'GK', 2, null, 30),
  (10198, 113, 'ITA DF 3', 'DF', 3, null, 24),
  (10199, 113, 'ITA DF 4', 'DF', 4, null, 22),
  (10200, 113, 'ITA DF 5', 'DF', 5, null, 35),
  (10201, 113, 'ITA DF 6', 'DF', 6, null, 29),
  (10202, 113, 'ITA DF 7', 'DF', 7, null, 27),
  (10203, 113, 'ITA MF 8', 'MF', 8, null, 21),
  (10204, 113, 'ITA MF 9', 'MF', 9, null, 28),
  (10205, 113, 'ITA MF 10', 'MF', 10, null, 29),
  (10206, 113, 'ITA MF 11', 'MF', 11, null, 24),
  (10207, 113, 'ITA FW 12', 'FW', 12, null, 27),
  (10208, 113, 'ITA FW 13', 'FW', 13, null, 27),
  (10209, 113, 'ITA FW 14', 'FW', 14, null, 21),
  (10210, 113, 'ITA FW 15', 'FW', 15, null, 19),
  (10211, 114, 'URU GK 1', 'GK', 1, null, 32),
  (10212, 114, 'URU GK 2', 'GK', 2, null, 27),
  (10213, 114, 'URU DF 3', 'DF', 3, null, 32),
  (10214, 114, 'URU DF 4', 'DF', 4, null, 19),
  (10215, 114, 'URU DF 5', 'DF', 5, null, 20),
  (10216, 114, 'URU DF 6', 'DF', 6, null, 22),
  (10217, 114, 'URU DF 7', 'DF', 7, null, 26),
  (10218, 114, 'URU MF 8', 'MF', 8, null, 19),
  (10219, 114, 'URU MF 9', 'MF', 9, null, 28),
  (10220, 114, 'URU MF 10', 'MF', 10, null, 22),
  (10221, 114, 'URU MF 11', 'MF', 11, null, 22),
  (10222, 114, 'URU FW 12', 'FW', 12, null, 30),
  (10223, 114, 'URU FW 13', 'FW', 13, null, 29),
  (10224, 114, 'URU FW 14', 'FW', 14, null, 33),
  (10225, 114, 'URU FW 15', 'FW', 15, null, 20),
  (10226, 115, 'COL GK 1', 'GK', 1, null, 31),
  (10227, 115, 'COL GK 2', 'GK', 2, null, 29),
  (10228, 115, 'COL DF 3', 'DF', 3, null, 25),
  (10229, 115, 'COL DF 4', 'DF', 4, null, 33),
  (10230, 115, 'COL DF 5', 'DF', 5, null, 32),
  (10231, 115, 'COL DF 6', 'DF', 6, null, 22),
  (10232, 115, 'COL DF 7', 'DF', 7, null, 30),
  (10233, 115, 'COL MF 8', 'MF', 8, null, 35),
  (10234, 115, 'COL MF 9', 'MF', 9, null, 27),
  (10235, 115, 'COL MF 10', 'MF', 10, null, 31),
  (10236, 115, 'COL MF 11', 'MF', 11, null, 28),
  (10237, 115, 'COL FW 12', 'FW', 12, null, 30),
  (10238, 115, 'COL FW 13', 'FW', 13, null, 20),
  (10239, 115, 'COL FW 14', 'FW', 14, null, 32),
  (10240, 115, 'COL FW 15', 'FW', 15, null, 19),
  (10241, 116, 'ECU GK 1', 'GK', 1, null, 28),
  (10242, 116, 'ECU GK 2', 'GK', 2, null, 29),
  (10243, 116, 'ECU DF 3', 'DF', 3, null, 28),
  (10244, 116, 'ECU DF 4', 'DF', 4, null, 22),
  (10245, 116, 'ECU DF 5', 'DF', 5, null, 28),
  (10246, 116, 'ECU DF 6', 'DF', 6, null, 32),
  (10247, 116, 'ECU DF 7', 'DF', 7, null, 29),
  (10248, 116, 'ECU MF 8', 'MF', 8, null, 19),
  (10249, 116, 'ECU MF 9', 'MF', 9, null, 29),
  (10250, 116, 'ECU MF 10', 'MF', 10, null, 25),
  (10251, 116, 'ECU MF 11', 'MF', 11, null, 20),
  (10252, 116, 'ECU FW 12', 'FW', 12, null, 22),
  (10253, 116, 'ECU FW 13', 'FW', 13, null, 24),
  (10254, 116, 'ECU FW 14', 'FW', 14, null, 22),
  (10255, 116, 'ECU FW 15', 'FW', 15, null, 22),
  (10256, 117, 'PER GK 1', 'GK', 1, null, 20),
  (10257, 117, 'PER GK 2', 'GK', 2, null, 23),
  (10258, 117, 'PER DF 3', 'DF', 3, null, 35),
  (10259, 117, 'PER DF 4', 'DF', 4, null, 30),
  (10260, 117, 'PER DF 5', 'DF', 5, null, 28),
  (10261, 117, 'PER DF 6', 'DF', 6, null, 19),
  (10262, 117, 'PER DF 7', 'DF', 7, null, 32),
  (10263, 117, 'PER MF 8', 'MF', 8, null, 23),
  (10264, 117, 'PER MF 9', 'MF', 9, null, 30),
  (10265, 117, 'PER MF 10', 'MF', 10, null, 32),
  (10266, 117, 'PER MF 11', 'MF', 11, null, 31),
  (10267, 117, 'PER FW 12', 'FW', 12, null, 31),
  (10268, 117, 'PER FW 13', 'FW', 13, null, 26),
  (10269, 117, 'PER FW 14', 'FW', 14, null, 32),
  (10270, 117, 'PER FW 15', 'FW', 15, null, 26),
  (10271, 118, 'PAR GK 1', 'GK', 1, null, 23),
  (10272, 118, 'PAR GK 2', 'GK', 2, null, 24),
  (10273, 118, 'PAR DF 3', 'DF', 3, null, 19),
  (10274, 118, 'PAR DF 4', 'DF', 4, null, 31),
  (10275, 118, 'PAR DF 5', 'DF', 5, null, 27),
  (10276, 118, 'PAR DF 6', 'DF', 6, null, 23),
  (10277, 118, 'PAR DF 7', 'DF', 7, null, 26),
  (10278, 118, 'PAR MF 8', 'MF', 8, null, 19),
  (10279, 118, 'PAR MF 9', 'MF', 9, null, 19),
  (10280, 118, 'PAR MF 10', 'MF', 10, null, 27),
  (10281, 118, 'PAR MF 11', 'MF', 11, null, 34),
  (10282, 118, 'PAR FW 12', 'FW', 12, null, 32),
  (10283, 118, 'PAR FW 13', 'FW', 13, null, 27),
  (10284, 118, 'PAR FW 14', 'FW', 14, null, 29),
  (10285, 118, 'PAR FW 15', 'FW', 15, null, 23),
  (10286, 119, 'JPN GK 1', 'GK', 1, null, 21),
  (10287, 119, 'JPN GK 2', 'GK', 2, null, 24),
  (10288, 119, 'JPN DF 3', 'DF', 3, null, 20),
  (10289, 119, 'JPN DF 4', 'DF', 4, null, 35),
  (10290, 119, 'JPN DF 5', 'DF', 5, null, 27),
  (10291, 119, 'JPN DF 6', 'DF', 6, null, 29),
  (10292, 119, 'JPN DF 7', 'DF', 7, null, 35),
  (10293, 119, 'JPN MF 8', 'MF', 8, null, 29),
  (10294, 119, 'JPN MF 9', 'MF', 9, null, 20),
  (10295, 119, 'JPN MF 10', 'MF', 10, null, 19),
  (10296, 119, 'JPN MF 11', 'MF', 11, null, 26),
  (10297, 119, 'JPN FW 12', 'FW', 12, null, 34),
  (10298, 119, 'JPN FW 13', 'FW', 13, null, 20),
  (10299, 119, 'JPN FW 14', 'FW', 14, null, 26),
  (10300, 119, 'JPN FW 15', 'FW', 15, null, 35),
  (10301, 120, 'KOR GK 1', 'GK', 1, null, 23),
  (10302, 120, 'KOR GK 2', 'GK', 2, null, 31),
  (10303, 120, 'KOR DF 3', 'DF', 3, null, 30),
  (10304, 120, 'KOR DF 4', 'DF', 4, null, 26),
  (10305, 120, 'KOR DF 5', 'DF', 5, null, 27),
  (10306, 120, 'KOR DF 6', 'DF', 6, null, 29),
  (10307, 120, 'KOR DF 7', 'DF', 7, null, 25),
  (10308, 120, 'KOR MF 8', 'MF', 8, null, 30),
  (10309, 120, 'KOR MF 9', 'MF', 9, null, 30),
  (10310, 120, 'KOR MF 10', 'MF', 10, null, 33),
  (10311, 120, 'KOR MF 11', 'MF', 11, null, 33),
  (10312, 120, 'KOR FW 12', 'FW', 12, null, 34),
  (10313, 120, 'KOR FW 13', 'FW', 13, null, 28),
  (10314, 120, 'KOR FW 14', 'FW', 14, null, 25),
  (10315, 120, 'KOR FW 15', 'FW', 15, null, 24),
  (10316, 121, 'AUS GK 1', 'GK', 1, null, 32),
  (10317, 121, 'AUS GK 2', 'GK', 2, null, 23),
  (10318, 121, 'AUS DF 3', 'DF', 3, null, 34),
  (10319, 121, 'AUS DF 4', 'DF', 4, null, 19),
  (10320, 121, 'AUS DF 5', 'DF', 5, null, 30),
  (10321, 121, 'AUS DF 6', 'DF', 6, null, 35),
  (10322, 121, 'AUS DF 7', 'DF', 7, null, 32),
  (10323, 121, 'AUS MF 8', 'MF', 8, null, 20),
  (10324, 121, 'AUS MF 9', 'MF', 9, null, 24),
  (10325, 121, 'AUS MF 10', 'MF', 10, null, 21),
  (10326, 121, 'AUS MF 11', 'MF', 11, null, 28),
  (10327, 121, 'AUS FW 12', 'FW', 12, null, 30),
  (10328, 121, 'AUS FW 13', 'FW', 13, null, 27),
  (10329, 121, 'AUS FW 14', 'FW', 14, null, 23),
  (10330, 121, 'AUS FW 15', 'FW', 15, null, 22),
  (10331, 122, 'IRN GK 1', 'GK', 1, null, 19),
  (10332, 122, 'IRN GK 2', 'GK', 2, null, 25),
  (10333, 122, 'IRN DF 3', 'DF', 3, null, 28),
  (10334, 122, 'IRN DF 4', 'DF', 4, null, 20),
  (10335, 122, 'IRN DF 5', 'DF', 5, null, 31),
  (10336, 122, 'IRN DF 6', 'DF', 6, null, 31),
  (10337, 122, 'IRN DF 7', 'DF', 7, null, 35),
  (10338, 122, 'IRN MF 8', 'MF', 8, null, 24),
  (10339, 122, 'IRN MF 9', 'MF', 9, null, 35),
  (10340, 122, 'IRN MF 10', 'MF', 10, null, 22),
  (10341, 122, 'IRN MF 11', 'MF', 11, null, 21),
  (10342, 122, 'IRN FW 12', 'FW', 12, null, 23),
  (10343, 122, 'IRN FW 13', 'FW', 13, null, 31),
  (10344, 122, 'IRN FW 14', 'FW', 14, null, 29),
  (10345, 122, 'IRN FW 15', 'FW', 15, null, 27),
  (10346, 123, 'KSA GK 1', 'GK', 1, null, 28),
  (10347, 123, 'KSA GK 2', 'GK', 2, null, 20),
  (10348, 123, 'KSA DF 3', 'DF', 3, null, 25),
  (10349, 123, 'KSA DF 4', 'DF', 4, null, 24),
  (10350, 123, 'KSA DF 5', 'DF', 5, null, 28),
  (10351, 123, 'KSA DF 6', 'DF', 6, null, 28),
  (10352, 123, 'KSA DF 7', 'DF', 7, null, 28),
  (10353, 123, 'KSA MF 8', 'MF', 8, null, 30),
  (10354, 123, 'KSA MF 9', 'MF', 9, null, 23),
  (10355, 123, 'KSA MF 10', 'MF', 10, null, 31),
  (10356, 123, 'KSA MF 11', 'MF', 11, null, 25),
  (10357, 123, 'KSA FW 12', 'FW', 12, null, 19),
  (10358, 123, 'KSA FW 13', 'FW', 13, null, 34),
  (10359, 123, 'KSA FW 14', 'FW', 14, null, 32),
  (10360, 123, 'KSA FW 15', 'FW', 15, null, 30),
  (10361, 124, 'QAT GK 1', 'GK', 1, null, 24),
  (10362, 124, 'QAT GK 2', 'GK', 2, null, 35),
  (10363, 124, 'QAT DF 3', 'DF', 3, null, 19),
  (10364, 124, 'QAT DF 4', 'DF', 4, null, 24),
  (10365, 124, 'QAT DF 5', 'DF', 5, null, 29),
  (10366, 124, 'QAT DF 6', 'DF', 6, null, 23),
  (10367, 124, 'QAT DF 7', 'DF', 7, null, 24),
  (10368, 124, 'QAT MF 8', 'MF', 8, null, 19),
  (10369, 124, 'QAT MF 9', 'MF', 9, null, 22),
  (10370, 124, 'QAT MF 10', 'MF', 10, null, 35),
  (10371, 124, 'QAT MF 11', 'MF', 11, null, 19),
  (10372, 124, 'QAT FW 12', 'FW', 12, null, 30),
  (10373, 124, 'QAT FW 13', 'FW', 13, null, 21),
  (10374, 124, 'QAT FW 14', 'FW', 14, null, 30),
  (10375, 124, 'QAT FW 15', 'FW', 15, null, 28),
  (10376, 125, 'UZB GK 1', 'GK', 1, null, 25),
  (10377, 125, 'UZB GK 2', 'GK', 2, null, 23),
  (10378, 125, 'UZB DF 3', 'DF', 3, null, 26),
  (10379, 125, 'UZB DF 4', 'DF', 4, null, 23),
  (10380, 125, 'UZB DF 5', 'DF', 5, null, 22),
  (10381, 125, 'UZB DF 6', 'DF', 6, null, 29),
  (10382, 125, 'UZB DF 7', 'DF', 7, null, 34),
  (10383, 125, 'UZB MF 8', 'MF', 8, null, 22),
  (10384, 125, 'UZB MF 9', 'MF', 9, null, 21),
  (10385, 125, 'UZB MF 10', 'MF', 10, null, 31),
  (10386, 125, 'UZB MF 11', 'MF', 11, null, 27),
  (10387, 125, 'UZB FW 12', 'FW', 12, null, 28),
  (10388, 125, 'UZB FW 13', 'FW', 13, null, 22),
  (10389, 125, 'UZB FW 14', 'FW', 14, null, 30),
  (10390, 125, 'UZB FW 15', 'FW', 15, null, 34),
  (10391, 126, 'JOR GK 1', 'GK', 1, null, 34),
  (10392, 126, 'JOR GK 2', 'GK', 2, null, 22),
  (10393, 126, 'JOR DF 3', 'DF', 3, null, 35),
  (10394, 126, 'JOR DF 4', 'DF', 4, null, 26),
  (10395, 126, 'JOR DF 5', 'DF', 5, null, 30),
  (10396, 126, 'JOR DF 6', 'DF', 6, null, 33),
  (10397, 126, 'JOR DF 7', 'DF', 7, null, 30),
  (10398, 126, 'JOR MF 8', 'MF', 8, null, 21),
  (10399, 126, 'JOR MF 9', 'MF', 9, null, 21),
  (10400, 126, 'JOR MF 10', 'MF', 10, null, 21),
  (10401, 126, 'JOR MF 11', 'MF', 11, null, 34),
  (10402, 126, 'JOR FW 12', 'FW', 12, null, 28),
  (10403, 126, 'JOR FW 13', 'FW', 13, null, 27),
  (10404, 126, 'JOR FW 14', 'FW', 14, null, 26),
  (10405, 126, 'JOR FW 15', 'FW', 15, null, 24),
  (10406, 127, 'MAR GK 1', 'GK', 1, null, 29),
  (10407, 127, 'MAR GK 2', 'GK', 2, null, 32),
  (10408, 127, 'MAR DF 3', 'DF', 3, null, 35),
  (10409, 127, 'MAR DF 4', 'DF', 4, null, 29),
  (10410, 127, 'MAR DF 5', 'DF', 5, null, 29),
  (10411, 127, 'MAR DF 6', 'DF', 6, null, 34),
  (10412, 127, 'MAR DF 7', 'DF', 7, null, 31),
  (10413, 127, 'MAR MF 8', 'MF', 8, null, 29),
  (10414, 127, 'MAR MF 9', 'MF', 9, null, 24),
  (10415, 127, 'MAR MF 10', 'MF', 10, null, 25),
  (10416, 127, 'MAR MF 11', 'MF', 11, null, 33),
  (10417, 127, 'MAR FW 12', 'FW', 12, null, 26),
  (10418, 127, 'MAR FW 13', 'FW', 13, null, 30),
  (10419, 127, 'MAR FW 14', 'FW', 14, null, 30),
  (10420, 127, 'MAR FW 15', 'FW', 15, null, 32),
  (10421, 128, 'SEN GK 1', 'GK', 1, null, 31),
  (10422, 128, 'SEN GK 2', 'GK', 2, null, 25),
  (10423, 128, 'SEN DF 3', 'DF', 3, null, 23),
  (10424, 128, 'SEN DF 4', 'DF', 4, null, 33),
  (10425, 128, 'SEN DF 5', 'DF', 5, null, 23),
  (10426, 128, 'SEN DF 6', 'DF', 6, null, 32),
  (10427, 128, 'SEN DF 7', 'DF', 7, null, 27),
  (10428, 128, 'SEN MF 8', 'MF', 8, null, 29),
  (10429, 128, 'SEN MF 9', 'MF', 9, null, 22),
  (10430, 128, 'SEN MF 10', 'MF', 10, null, 29),
  (10431, 128, 'SEN MF 11', 'MF', 11, null, 27),
  (10432, 128, 'SEN FW 12', 'FW', 12, null, 33),
  (10433, 128, 'SEN FW 13', 'FW', 13, null, 27),
  (10434, 128, 'SEN FW 14', 'FW', 14, null, 23),
  (10435, 128, 'SEN FW 15', 'FW', 15, null, 27),
  (10436, 129, 'TUN GK 1', 'GK', 1, null, 26),
  (10437, 129, 'TUN GK 2', 'GK', 2, null, 29),
  (10438, 129, 'TUN DF 3', 'DF', 3, null, 23),
  (10439, 129, 'TUN DF 4', 'DF', 4, null, 22),
  (10440, 129, 'TUN DF 5', 'DF', 5, null, 27),
  (10441, 129, 'TUN DF 6', 'DF', 6, null, 28),
  (10442, 129, 'TUN DF 7', 'DF', 7, null, 33),
  (10443, 129, 'TUN MF 8', 'MF', 8, null, 31),
  (10444, 129, 'TUN MF 9', 'MF', 9, null, 31),
  (10445, 129, 'TUN MF 10', 'MF', 10, null, 19),
  (10446, 129, 'TUN MF 11', 'MF', 11, null, 29),
  (10447, 129, 'TUN FW 12', 'FW', 12, null, 32),
  (10448, 129, 'TUN FW 13', 'FW', 13, null, 29),
  (10449, 129, 'TUN FW 14', 'FW', 14, null, 22),
  (10450, 129, 'TUN FW 15', 'FW', 15, null, 34),
  (10451, 130, 'EGY GK 1', 'GK', 1, null, 35),
  (10452, 130, 'EGY GK 2', 'GK', 2, null, 25),
  (10453, 130, 'EGY DF 3', 'DF', 3, null, 32),
  (10454, 130, 'EGY DF 4', 'DF', 4, null, 30),
  (10455, 130, 'EGY DF 5', 'DF', 5, null, 29),
  (10456, 130, 'EGY DF 6', 'DF', 6, null, 20),
  (10457, 130, 'EGY DF 7', 'DF', 7, null, 31),
  (10458, 130, 'EGY MF 8', 'MF', 8, null, 24),
  (10459, 130, 'EGY MF 9', 'MF', 9, null, 19),
  (10460, 130, 'EGY MF 10', 'MF', 10, null, 27),
  (10461, 130, 'EGY MF 11', 'MF', 11, null, 27),
  (10462, 130, 'EGY FW 12', 'FW', 12, null, 23),
  (10463, 130, 'EGY FW 13', 'FW', 13, null, 29),
  (10464, 130, 'EGY FW 14', 'FW', 14, null, 32),
  (10465, 130, 'EGY FW 15', 'FW', 15, null, 34),
  (10466, 131, 'NGA GK 1', 'GK', 1, null, 34),
  (10467, 131, 'NGA GK 2', 'GK', 2, null, 29),
  (10468, 131, 'NGA DF 3', 'DF', 3, null, 19),
  (10469, 131, 'NGA DF 4', 'DF', 4, null, 20),
  (10470, 131, 'NGA DF 5', 'DF', 5, null, 26),
  (10471, 131, 'NGA DF 6', 'DF', 6, null, 22),
  (10472, 131, 'NGA DF 7', 'DF', 7, null, 27),
  (10473, 131, 'NGA MF 8', 'MF', 8, null, 29),
  (10474, 131, 'NGA MF 9', 'MF', 9, null, 19),
  (10475, 131, 'NGA MF 10', 'MF', 10, null, 25),
  (10476, 131, 'NGA MF 11', 'MF', 11, null, 33),
  (10477, 131, 'NGA FW 12', 'FW', 12, null, 35),
  (10478, 131, 'NGA FW 13', 'FW', 13, null, 27),
  (10479, 131, 'NGA FW 14', 'FW', 14, null, 30),
  (10480, 131, 'NGA FW 15', 'FW', 15, null, 21),
  (10481, 132, 'CMR GK 1', 'GK', 1, null, 25),
  (10482, 132, 'CMR GK 2', 'GK', 2, null, 19),
  (10483, 132, 'CMR DF 3', 'DF', 3, null, 22),
  (10484, 132, 'CMR DF 4', 'DF', 4, null, 23),
  (10485, 132, 'CMR DF 5', 'DF', 5, null, 29),
  (10486, 132, 'CMR DF 6', 'DF', 6, null, 26),
  (10487, 132, 'CMR DF 7', 'DF', 7, null, 33),
  (10488, 132, 'CMR MF 8', 'MF', 8, null, 25),
  (10489, 132, 'CMR MF 9', 'MF', 9, null, 24),
  (10490, 132, 'CMR MF 10', 'MF', 10, null, 28),
  (10491, 132, 'CMR MF 11', 'MF', 11, null, 21),
  (10492, 132, 'CMR FW 12', 'FW', 12, null, 32),
  (10493, 132, 'CMR FW 13', 'FW', 13, null, 35),
  (10494, 132, 'CMR FW 14', 'FW', 14, null, 23),
  (10495, 132, 'CMR FW 15', 'FW', 15, null, 22),
  (10496, 133, 'GHA GK 1', 'GK', 1, null, 19),
  (10497, 133, 'GHA GK 2', 'GK', 2, null, 27),
  (10498, 133, 'GHA DF 3', 'DF', 3, null, 32),
  (10499, 133, 'GHA DF 4', 'DF', 4, null, 20),
  (10500, 133, 'GHA DF 5', 'DF', 5, null, 24),
  (10501, 133, 'GHA DF 6', 'DF', 6, null, 35),
  (10502, 133, 'GHA DF 7', 'DF', 7, null, 26),
  (10503, 133, 'GHA MF 8', 'MF', 8, null, 34),
  (10504, 133, 'GHA MF 9', 'MF', 9, null, 29),
  (10505, 133, 'GHA MF 10', 'MF', 10, null, 29),
  (10506, 133, 'GHA MF 11', 'MF', 11, null, 30),
  (10507, 133, 'GHA FW 12', 'FW', 12, null, 29),
  (10508, 133, 'GHA FW 13', 'FW', 13, null, 34),
  (10509, 133, 'GHA FW 14', 'FW', 14, null, 27),
  (10510, 133, 'GHA FW 15', 'FW', 15, null, 34),
  (10511, 134, 'CIV GK 1', 'GK', 1, null, 29),
  (10512, 134, 'CIV GK 2', 'GK', 2, null, 27),
  (10513, 134, 'CIV DF 3', 'DF', 3, null, 20),
  (10514, 134, 'CIV DF 4', 'DF', 4, null, 34),
  (10515, 134, 'CIV DF 5', 'DF', 5, null, 23),
  (10516, 134, 'CIV DF 6', 'DF', 6, null, 19),
  (10517, 134, 'CIV DF 7', 'DF', 7, null, 34),
  (10518, 134, 'CIV MF 8', 'MF', 8, null, 30),
  (10519, 134, 'CIV MF 9', 'MF', 9, null, 27),
  (10520, 134, 'CIV MF 10', 'MF', 10, null, 33),
  (10521, 134, 'CIV MF 11', 'MF', 11, null, 25),
  (10522, 134, 'CIV FW 12', 'FW', 12, null, 30),
  (10523, 134, 'CIV FW 13', 'FW', 13, null, 27),
  (10524, 134, 'CIV FW 14', 'FW', 14, null, 35),
  (10525, 134, 'CIV FW 15', 'FW', 15, null, 31),
  (10526, 135, 'ALG GK 1', 'GK', 1, null, 28),
  (10527, 135, 'ALG GK 2', 'GK', 2, null, 25),
  (10528, 135, 'ALG DF 3', 'DF', 3, null, 20),
  (10529, 135, 'ALG DF 4', 'DF', 4, null, 32),
  (10530, 135, 'ALG DF 5', 'DF', 5, null, 21),
  (10531, 135, 'ALG DF 6', 'DF', 6, null, 35),
  (10532, 135, 'ALG DF 7', 'DF', 7, null, 28),
  (10533, 135, 'ALG MF 8', 'MF', 8, null, 34),
  (10534, 135, 'ALG MF 9', 'MF', 9, null, 21),
  (10535, 135, 'ALG MF 10', 'MF', 10, null, 35),
  (10536, 135, 'ALG MF 11', 'MF', 11, null, 35),
  (10537, 135, 'ALG FW 12', 'FW', 12, null, 29),
  (10538, 135, 'ALG FW 13', 'FW', 13, null, 34),
  (10539, 135, 'ALG FW 14', 'FW', 14, null, 29),
  (10540, 135, 'ALG FW 15', 'FW', 15, null, 29),
  (10541, 136, 'RSA GK 1', 'GK', 1, null, 30),
  (10542, 136, 'RSA GK 2', 'GK', 2, null, 24),
  (10543, 136, 'RSA DF 3', 'DF', 3, null, 21),
  (10544, 136, 'RSA DF 4', 'DF', 4, null, 24),
  (10545, 136, 'RSA DF 5', 'DF', 5, null, 27),
  (10546, 136, 'RSA DF 6', 'DF', 6, null, 35),
  (10547, 136, 'RSA DF 7', 'DF', 7, null, 35),
  (10548, 136, 'RSA MF 8', 'MF', 8, null, 31),
  (10549, 136, 'RSA MF 9', 'MF', 9, null, 22),
  (10550, 136, 'RSA MF 10', 'MF', 10, null, 25),
  (10551, 136, 'RSA MF 11', 'MF', 11, null, 19),
  (10552, 136, 'RSA FW 12', 'FW', 12, null, 33),
  (10553, 136, 'RSA FW 13', 'FW', 13, null, 26),
  (10554, 136, 'RSA FW 14', 'FW', 14, null, 25),
  (10555, 136, 'RSA FW 15', 'FW', 15, null, 32),
  (10556, 137, 'SUI GK 1', 'GK', 1, null, 35),
  (10557, 137, 'SUI GK 2', 'GK', 2, null, 35),
  (10558, 137, 'SUI DF 3', 'DF', 3, null, 23),
  (10559, 137, 'SUI DF 4', 'DF', 4, null, 35),
  (10560, 137, 'SUI DF 5', 'DF', 5, null, 25),
  (10561, 137, 'SUI DF 6', 'DF', 6, null, 27),
  (10562, 137, 'SUI DF 7', 'DF', 7, null, 34),
  (10563, 137, 'SUI MF 8', 'MF', 8, null, 23),
  (10564, 137, 'SUI MF 9', 'MF', 9, null, 29),
  (10565, 137, 'SUI MF 10', 'MF', 10, null, 30),
  (10566, 137, 'SUI MF 11', 'MF', 11, null, 31),
  (10567, 137, 'SUI FW 12', 'FW', 12, null, 25),
  (10568, 137, 'SUI FW 13', 'FW', 13, null, 23),
  (10569, 137, 'SUI FW 14', 'FW', 14, null, 23),
  (10570, 137, 'SUI FW 15', 'FW', 15, null, 23),
  (10571, 138, 'DEN GK 1', 'GK', 1, null, 23),
  (10572, 138, 'DEN GK 2', 'GK', 2, null, 20),
  (10573, 138, 'DEN DF 3', 'DF', 3, null, 20),
  (10574, 138, 'DEN DF 4', 'DF', 4, null, 27),
  (10575, 138, 'DEN DF 5', 'DF', 5, null, 28),
  (10576, 138, 'DEN DF 6', 'DF', 6, null, 24),
  (10577, 138, 'DEN DF 7', 'DF', 7, null, 23),
  (10578, 138, 'DEN MF 8', 'MF', 8, null, 27),
  (10579, 138, 'DEN MF 9', 'MF', 9, null, 30),
  (10580, 138, 'DEN MF 10', 'MF', 10, null, 23),
  (10581, 138, 'DEN MF 11', 'MF', 11, null, 33),
  (10582, 138, 'DEN FW 12', 'FW', 12, null, 24),
  (10583, 138, 'DEN FW 13', 'FW', 13, null, 24),
  (10584, 138, 'DEN FW 14', 'FW', 14, null, 20),
  (10585, 138, 'DEN FW 15', 'FW', 15, null, 24),
  (10586, 139, 'SWE GK 1', 'GK', 1, null, 23),
  (10587, 139, 'SWE GK 2', 'GK', 2, null, 32),
  (10588, 139, 'SWE DF 3', 'DF', 3, null, 34),
  (10589, 139, 'SWE DF 4', 'DF', 4, null, 19),
  (10590, 139, 'SWE DF 5', 'DF', 5, null, 28),
  (10591, 139, 'SWE DF 6', 'DF', 6, null, 26),
  (10592, 139, 'SWE DF 7', 'DF', 7, null, 35),
  (10593, 139, 'SWE MF 8', 'MF', 8, null, 30),
  (10594, 139, 'SWE MF 9', 'MF', 9, null, 21),
  (10595, 139, 'SWE MF 10', 'MF', 10, null, 33),
  (10596, 139, 'SWE MF 11', 'MF', 11, null, 32),
  (10597, 139, 'SWE FW 12', 'FW', 12, null, 23),
  (10598, 139, 'SWE FW 13', 'FW', 13, null, 29),
  (10599, 139, 'SWE FW 14', 'FW', 14, null, 23),
  (10600, 139, 'SWE FW 15', 'FW', 15, null, 35),
  (10601, 140, 'NOR GK 1', 'GK', 1, null, 20),
  (10602, 140, 'NOR GK 2', 'GK', 2, null, 34),
  (10603, 140, 'NOR DF 3', 'DF', 3, null, 19),
  (10604, 140, 'NOR DF 4', 'DF', 4, null, 20),
  (10605, 140, 'NOR DF 5', 'DF', 5, null, 22),
  (10606, 140, 'NOR DF 6', 'DF', 6, null, 30),
  (10607, 140, 'NOR DF 7', 'DF', 7, null, 27),
  (10608, 140, 'NOR MF 8', 'MF', 8, null, 29),
  (10609, 140, 'NOR MF 9', 'MF', 9, null, 19),
  (10610, 140, 'NOR MF 10', 'MF', 10, null, 24),
  (10611, 140, 'NOR MF 11', 'MF', 11, null, 35),
  (10612, 140, 'NOR FW 12', 'FW', 12, null, 25),
  (10613, 140, 'NOR FW 13', 'FW', 13, null, 21),
  (10614, 140, 'NOR FW 14', 'FW', 14, null, 32),
  (10615, 140, 'NOR FW 15', 'FW', 15, null, 32),
  (10616, 141, 'POL GK 1', 'GK', 1, null, 25),
  (10617, 141, 'POL GK 2', 'GK', 2, null, 24),
  (10618, 141, 'POL DF 3', 'DF', 3, null, 26),
  (10619, 141, 'POL DF 4', 'DF', 4, null, 26),
  (10620, 141, 'POL DF 5', 'DF', 5, null, 34),
  (10621, 141, 'POL DF 6', 'DF', 6, null, 25),
  (10622, 141, 'POL DF 7', 'DF', 7, null, 30),
  (10623, 141, 'POL MF 8', 'MF', 8, null, 24),
  (10624, 141, 'POL MF 9', 'MF', 9, null, 32),
  (10625, 141, 'POL MF 10', 'MF', 10, null, 32),
  (10626, 141, 'POL MF 11', 'MF', 11, null, 33),
  (10627, 141, 'POL FW 12', 'FW', 12, null, 30),
  (10628, 141, 'POL FW 13', 'FW', 13, null, 25),
  (10629, 141, 'POL FW 14', 'FW', 14, null, 28),
  (10630, 141, 'POL FW 15', 'FW', 15, null, 33),
  (10631, 142, 'AUT GK 1', 'GK', 1, null, 34),
  (10632, 142, 'AUT GK 2', 'GK', 2, null, 21),
  (10633, 142, 'AUT DF 3', 'DF', 3, null, 25),
  (10634, 142, 'AUT DF 4', 'DF', 4, null, 25),
  (10635, 142, 'AUT DF 5', 'DF', 5, null, 22),
  (10636, 142, 'AUT DF 6', 'DF', 6, null, 21),
  (10637, 142, 'AUT DF 7', 'DF', 7, null, 30),
  (10638, 142, 'AUT MF 8', 'MF', 8, null, 24),
  (10639, 142, 'AUT MF 9', 'MF', 9, null, 22),
  (10640, 142, 'AUT MF 10', 'MF', 10, null, 24),
  (10641, 142, 'AUT MF 11', 'MF', 11, null, 25),
  (10642, 142, 'AUT FW 12', 'FW', 12, null, 32),
  (10643, 142, 'AUT FW 13', 'FW', 13, null, 25),
  (10644, 142, 'AUT FW 14', 'FW', 14, null, 32),
  (10645, 142, 'AUT FW 15', 'FW', 15, null, 19),
  (10646, 143, 'SRB GK 1', 'GK', 1, null, 23),
  (10647, 143, 'SRB GK 2', 'GK', 2, null, 27),
  (10648, 143, 'SRB DF 3', 'DF', 3, null, 28),
  (10649, 143, 'SRB DF 4', 'DF', 4, null, 30),
  (10650, 143, 'SRB DF 5', 'DF', 5, null, 31),
  (10651, 143, 'SRB DF 6', 'DF', 6, null, 19),
  (10652, 143, 'SRB DF 7', 'DF', 7, null, 34),
  (10653, 143, 'SRB MF 8', 'MF', 8, null, 35),
  (10654, 143, 'SRB MF 9', 'MF', 9, null, 33),
  (10655, 143, 'SRB MF 10', 'MF', 10, null, 27),
  (10656, 143, 'SRB MF 11', 'MF', 11, null, 30),
  (10657, 143, 'SRB FW 12', 'FW', 12, null, 34),
  (10658, 143, 'SRB FW 13', 'FW', 13, null, 23),
  (10659, 143, 'SRB FW 14', 'FW', 14, null, 22),
  (10660, 143, 'SRB FW 15', 'FW', 15, null, 23),
  (10661, 144, 'TUR GK 1', 'GK', 1, null, 26),
  (10662, 144, 'TUR GK 2', 'GK', 2, null, 30),
  (10663, 144, 'TUR DF 3', 'DF', 3, null, 33),
  (10664, 144, 'TUR DF 4', 'DF', 4, null, 31),
  (10665, 144, 'TUR DF 5', 'DF', 5, null, 20),
  (10666, 144, 'TUR DF 6', 'DF', 6, null, 29),
  (10667, 144, 'TUR DF 7', 'DF', 7, null, 27),
  (10668, 144, 'TUR MF 8', 'MF', 8, null, 21),
  (10669, 144, 'TUR MF 9', 'MF', 9, null, 33),
  (10670, 144, 'TUR MF 10', 'MF', 10, null, 33),
  (10671, 144, 'TUR MF 11', 'MF', 11, null, 30),
  (10672, 144, 'TUR FW 12', 'FW', 12, null, 35),
  (10673, 144, 'TUR FW 13', 'FW', 13, null, 35),
  (10674, 144, 'TUR FW 14', 'FW', 14, null, 22),
  (10675, 144, 'TUR FW 15', 'FW', 15, null, 27),
  (10676, 145, 'UKR GK 1', 'GK', 1, null, 28),
  (10677, 145, 'UKR GK 2', 'GK', 2, null, 20),
  (10678, 145, 'UKR DF 3', 'DF', 3, null, 21),
  (10679, 145, 'UKR DF 4', 'DF', 4, null, 20),
  (10680, 145, 'UKR DF 5', 'DF', 5, null, 21),
  (10681, 145, 'UKR DF 6', 'DF', 6, null, 35),
  (10682, 145, 'UKR DF 7', 'DF', 7, null, 33),
  (10683, 145, 'UKR MF 8', 'MF', 8, null, 22),
  (10684, 145, 'UKR MF 9', 'MF', 9, null, 31),
  (10685, 145, 'UKR MF 10', 'MF', 10, null, 33),
  (10686, 145, 'UKR MF 11', 'MF', 11, null, 34),
  (10687, 145, 'UKR FW 12', 'FW', 12, null, 19),
  (10688, 145, 'UKR FW 13', 'FW', 13, null, 23),
  (10689, 145, 'UKR FW 14', 'FW', 14, null, 29),
  (10690, 145, 'UKR FW 15', 'FW', 15, null, 23),
  (10691, 146, 'PAN GK 1', 'GK', 1, null, 19),
  (10692, 146, 'PAN GK 2', 'GK', 2, null, 22),
  (10693, 146, 'PAN DF 3', 'DF', 3, null, 31),
  (10694, 146, 'PAN DF 4', 'DF', 4, null, 21),
  (10695, 146, 'PAN DF 5', 'DF', 5, null, 24),
  (10696, 146, 'PAN DF 6', 'DF', 6, null, 27),
  (10697, 146, 'PAN DF 7', 'DF', 7, null, 19),
  (10698, 146, 'PAN MF 8', 'MF', 8, null, 20),
  (10699, 146, 'PAN MF 9', 'MF', 9, null, 21),
  (10700, 146, 'PAN MF 10', 'MF', 10, null, 35),
  (10701, 146, 'PAN MF 11', 'MF', 11, null, 22),
  (10702, 146, 'PAN FW 12', 'FW', 12, null, 29),
  (10703, 146, 'PAN FW 13', 'FW', 13, null, 23),
  (10704, 146, 'PAN FW 14', 'FW', 14, null, 28),
  (10705, 146, 'PAN FW 15', 'FW', 15, null, 34),
  (10706, 147, 'NZL GK 1', 'GK', 1, null, 26),
  (10707, 147, 'NZL GK 2', 'GK', 2, null, 29),
  (10708, 147, 'NZL DF 3', 'DF', 3, null, 33),
  (10709, 147, 'NZL DF 4', 'DF', 4, null, 26),
  (10710, 147, 'NZL DF 5', 'DF', 5, null, 31),
  (10711, 147, 'NZL DF 6', 'DF', 6, null, 26),
  (10712, 147, 'NZL DF 7', 'DF', 7, null, 35),
  (10713, 147, 'NZL MF 8', 'MF', 8, null, 29),
  (10714, 147, 'NZL MF 9', 'MF', 9, null, 32),
  (10715, 147, 'NZL MF 10', 'MF', 10, null, 20),
  (10716, 147, 'NZL MF 11', 'MF', 11, null, 34),
  (10717, 147, 'NZL FW 12', 'FW', 12, null, 26),
  (10718, 147, 'NZL FW 13', 'FW', 13, null, 24),
  (10719, 147, 'NZL FW 14', 'FW', 14, null, 33),
  (10720, 147, 'NZL FW 15', 'FW', 15, null, 25);

insert into matches (id, home_team_id, away_team_id, kickoff_at, venue, stage, group_letter, status, home_score, away_score) values
  (5001, 100, 101, '2026-06-11T13:00:00+00:00', 'MetLife Stadium', 'group', 'A', 'finished', 1, 1),
  (5002, 102, 103, '2026-06-11T16:00:00+00:00', 'Estadio Azteca', 'group', 'A', 'finished', 2, 1),
  (5003, 104, 105, '2026-06-11T16:00:00+00:00', 'BC Place', 'group', 'B', 'finished', 0, 1),
  (5004, 106, 107, '2026-06-11T19:00:00+00:00', 'SoFi Stadium', 'group', 'B', 'finished', 2, 3),
  (5005, 108, 109, '2026-06-11T19:00:00+00:00', 'AT&T Stadium', 'group', 'C', 'finished', 1, 1),
  (5006, 110, 111, '2026-06-11T22:00:00+00:00', 'NRG Stadium', 'group', 'C', 'finished', 2, 1),
  (5007, 112, 113, '2026-06-12T13:00:00+00:00', 'Hard Rock Stadium', 'group', 'D', 'finished', 1, 2),
  (5008, 114, 115, '2026-06-12T16:00:00+00:00', 'Lumen Field', 'group', 'D', 'finished', 1, 3),
  (5009, 116, 117, '2026-06-12T16:00:00+00:00', 'MetLife Stadium', 'group', 'E', 'finished', 1, 1),
  (5010, 118, 119, '2026-06-12T19:00:00+00:00', 'Estadio Azteca', 'group', 'E', 'finished', 1, 2),
  (5011, 120, 121, '2026-06-12T19:00:00+00:00', 'BC Place', 'group', 'F', 'finished', 2, 0),
  (5012, 122, 123, '2026-06-12T22:00:00+00:00', 'SoFi Stadium', 'group', 'F', 'finished', 1, 2),
  (5013, 124, 125, '2026-06-13T13:00:00+00:00', 'AT&T Stadium', 'group', 'G', 'finished', 2, 1),
  (5014, 126, 127, '2026-06-13T16:00:00+00:00', 'NRG Stadium', 'group', 'G', 'finished', 1, 2),
  (5015, 128, 129, '2026-06-13T16:00:00+00:00', 'Hard Rock Stadium', 'group', 'H', 'finished', 2, 1),
  (5016, 130, 131, '2026-06-13T19:00:00+00:00', 'Lumen Field', 'group', 'H', 'finished', 0, 1),
  (5017, 132, 133, '2026-06-13T19:00:00+00:00', 'MetLife Stadium', 'group', 'I', 'finished', 1, 1),
  (5018, 134, 135, '2026-06-13T22:00:00+00:00', 'Estadio Azteca', 'group', 'I', 'finished', 0, 0),
  (5019, 136, 137, '2026-06-14T13:00:00+00:00', 'BC Place', 'group', 'J', 'finished', 0, 1),
  (5020, 138, 139, '2026-06-14T16:00:00+00:00', 'SoFi Stadium', 'group', 'J', 'live', 2, 1),
  (5021, 140, 141, '2026-06-14T16:00:00+00:00', 'AT&T Stadium', 'group', 'K', 'scheduled', null, null),
  (5022, 142, 143, '2026-06-14T19:00:00+00:00', 'NRG Stadium', 'group', 'K', 'scheduled', null, null),
  (5023, 144, 145, '2026-06-14T19:00:00+00:00', 'Hard Rock Stadium', 'group', 'L', 'scheduled', null, null),
  (5024, 146, 147, '2026-06-14T22:00:00+00:00', 'Lumen Field', 'group', 'L', 'scheduled', null, null),
  (5025, 100, 102, '2026-06-15T13:00:00+00:00', 'MetLife Stadium', 'group', 'A', 'scheduled', null, null),
  (5026, 103, 101, '2026-06-15T16:00:00+00:00', 'Estadio Azteca', 'group', 'A', 'scheduled', null, null),
  (5027, 104, 106, '2026-06-15T16:00:00+00:00', 'BC Place', 'group', 'B', 'scheduled', null, null),
  (5028, 107, 105, '2026-06-15T19:00:00+00:00', 'SoFi Stadium', 'group', 'B', 'scheduled', null, null),
  (5029, 108, 110, '2026-06-15T19:00:00+00:00', 'AT&T Stadium', 'group', 'C', 'scheduled', null, null),
  (5030, 111, 109, '2026-06-15T22:00:00+00:00', 'NRG Stadium', 'group', 'C', 'scheduled', null, null),
  (5031, 112, 114, '2026-06-16T13:00:00+00:00', 'Hard Rock Stadium', 'group', 'D', 'scheduled', null, null),
  (5032, 115, 113, '2026-06-16T16:00:00+00:00', 'Lumen Field', 'group', 'D', 'scheduled', null, null),
  (5033, 116, 118, '2026-06-16T16:00:00+00:00', 'MetLife Stadium', 'group', 'E', 'scheduled', null, null),
  (5034, 119, 117, '2026-06-16T19:00:00+00:00', 'Estadio Azteca', 'group', 'E', 'scheduled', null, null),
  (5035, 120, 122, '2026-06-16T19:00:00+00:00', 'BC Place', 'group', 'F', 'scheduled', null, null),
  (5036, 123, 121, '2026-06-16T22:00:00+00:00', 'SoFi Stadium', 'group', 'F', 'scheduled', null, null),
  (5037, 124, 126, '2026-06-17T13:00:00+00:00', 'AT&T Stadium', 'group', 'G', 'scheduled', null, null),
  (5038, 127, 125, '2026-06-17T16:00:00+00:00', 'NRG Stadium', 'group', 'G', 'scheduled', null, null),
  (5039, 128, 130, '2026-06-17T16:00:00+00:00', 'Hard Rock Stadium', 'group', 'H', 'scheduled', null, null),
  (5040, 131, 129, '2026-06-17T19:00:00+00:00', 'Lumen Field', 'group', 'H', 'scheduled', null, null),
  (5041, 132, 134, '2026-06-17T19:00:00+00:00', 'MetLife Stadium', 'group', 'I', 'scheduled', null, null),
  (5042, 135, 133, '2026-06-17T22:00:00+00:00', 'Estadio Azteca', 'group', 'I', 'scheduled', null, null),
  (5043, 136, 138, '2026-06-18T13:00:00+00:00', 'BC Place', 'group', 'J', 'scheduled', null, null),
  (5044, 139, 137, '2026-06-18T16:00:00+00:00', 'SoFi Stadium', 'group', 'J', 'scheduled', null, null),
  (5045, 140, 142, '2026-06-18T16:00:00+00:00', 'AT&T Stadium', 'group', 'K', 'scheduled', null, null),
  (5046, 143, 141, '2026-06-18T19:00:00+00:00', 'NRG Stadium', 'group', 'K', 'scheduled', null, null),
  (5047, 144, 146, '2026-06-18T19:00:00+00:00', 'Hard Rock Stadium', 'group', 'L', 'scheduled', null, null),
  (5048, 147, 145, '2026-06-18T22:00:00+00:00', 'Lumen Field', 'group', 'L', 'scheduled', null, null),
  (5049, 103, 100, '2026-06-19T13:00:00+00:00', 'MetLife Stadium', 'group', 'A', 'scheduled', null, null),
  (5050, 101, 102, '2026-06-19T16:00:00+00:00', 'Estadio Azteca', 'group', 'A', 'scheduled', null, null),
  (5051, 107, 104, '2026-06-19T16:00:00+00:00', 'BC Place', 'group', 'B', 'scheduled', null, null),
  (5052, 105, 106, '2026-06-19T19:00:00+00:00', 'SoFi Stadium', 'group', 'B', 'scheduled', null, null),
  (5053, 111, 108, '2026-06-19T19:00:00+00:00', 'AT&T Stadium', 'group', 'C', 'scheduled', null, null),
  (5054, 109, 110, '2026-06-19T22:00:00+00:00', 'NRG Stadium', 'group', 'C', 'scheduled', null, null),
  (5055, 115, 112, '2026-06-20T13:00:00+00:00', 'Hard Rock Stadium', 'group', 'D', 'scheduled', null, null),
  (5056, 113, 114, '2026-06-20T16:00:00+00:00', 'Lumen Field', 'group', 'D', 'scheduled', null, null),
  (5057, 119, 116, '2026-06-20T16:00:00+00:00', 'MetLife Stadium', 'group', 'E', 'scheduled', null, null),
  (5058, 117, 118, '2026-06-20T19:00:00+00:00', 'Estadio Azteca', 'group', 'E', 'scheduled', null, null),
  (5059, 123, 120, '2026-06-20T19:00:00+00:00', 'BC Place', 'group', 'F', 'scheduled', null, null),
  (5060, 121, 122, '2026-06-20T22:00:00+00:00', 'SoFi Stadium', 'group', 'F', 'scheduled', null, null),
  (5061, 127, 124, '2026-06-21T13:00:00+00:00', 'AT&T Stadium', 'group', 'G', 'scheduled', null, null),
  (5062, 125, 126, '2026-06-21T16:00:00+00:00', 'NRG Stadium', 'group', 'G', 'scheduled', null, null),
  (5063, 131, 128, '2026-06-21T16:00:00+00:00', 'Hard Rock Stadium', 'group', 'H', 'scheduled', null, null),
  (5064, 129, 130, '2026-06-21T19:00:00+00:00', 'Lumen Field', 'group', 'H', 'scheduled', null, null),
  (5065, 135, 132, '2026-06-21T19:00:00+00:00', 'MetLife Stadium', 'group', 'I', 'scheduled', null, null),
  (5066, 133, 134, '2026-06-21T22:00:00+00:00', 'Estadio Azteca', 'group', 'I', 'scheduled', null, null),
  (5067, 139, 136, '2026-06-22T13:00:00+00:00', 'BC Place', 'group', 'J', 'scheduled', null, null),
  (5068, 137, 138, '2026-06-22T16:00:00+00:00', 'SoFi Stadium', 'group', 'J', 'scheduled', null, null),
  (5069, 143, 140, '2026-06-22T16:00:00+00:00', 'AT&T Stadium', 'group', 'K', 'scheduled', null, null),
  (5070, 141, 142, '2026-06-22T19:00:00+00:00', 'NRG Stadium', 'group', 'K', 'scheduled', null, null),
  (5071, 147, 144, '2026-06-22T19:00:00+00:00', 'Hard Rock Stadium', 'group', 'L', 'scheduled', null, null),
  (5072, 145, 146, '2026-06-22T22:00:00+00:00', 'Lumen Field', 'group', 'L', 'scheduled', null, null),
  (5073, null, null, '2026-06-28T15:00:00+00:00', 'MetLife Stadium', 'R32', null, 'scheduled', null, null),
  (5074, null, null, '2026-06-28T18:00:00+00:00', 'Estadio Azteca', 'R32', null, 'scheduled', null, null),
  (5075, null, null, '2026-06-28T21:00:00+00:00', 'BC Place', 'R32', null, 'scheduled', null, null),
  (5076, null, null, '2026-06-28T12:00:00+00:00', 'SoFi Stadium', 'R32', null, 'scheduled', null, null),
  (5077, null, null, '2026-06-29T15:00:00+00:00', 'AT&T Stadium', 'R32', null, 'scheduled', null, null),
  (5078, null, null, '2026-06-29T18:00:00+00:00', 'NRG Stadium', 'R32', null, 'scheduled', null, null),
  (5079, null, null, '2026-06-29T21:00:00+00:00', 'Hard Rock Stadium', 'R32', null, 'scheduled', null, null),
  (5080, null, null, '2026-06-29T12:00:00+00:00', 'Lumen Field', 'R32', null, 'scheduled', null, null),
  (5081, null, null, '2026-06-30T15:00:00+00:00', 'MetLife Stadium', 'R32', null, 'scheduled', null, null),
  (5082, null, null, '2026-06-30T18:00:00+00:00', 'Estadio Azteca', 'R32', null, 'scheduled', null, null),
  (5083, null, null, '2026-06-30T21:00:00+00:00', 'BC Place', 'R32', null, 'scheduled', null, null),
  (5084, null, null, '2026-06-30T12:00:00+00:00', 'SoFi Stadium', 'R32', null, 'scheduled', null, null),
  (5085, null, null, '2026-07-01T15:00:00+00:00', 'AT&T Stadium', 'R32', null, 'scheduled', null, null),
  (5086, null, null, '2026-07-01T18:00:00+00:00', 'NRG Stadium', 'R32', null, 'scheduled', null, null),
  (5087, null, null, '2026-07-01T21:00:00+00:00', 'Hard Rock Stadium', 'R32', null, 'scheduled', null, null),
  (5088, null, null, '2026-07-01T12:00:00+00:00', 'Lumen Field', 'R32', null, 'scheduled', null, null),
  (5089, null, null, '2026-07-03T15:00:00+00:00', 'MetLife Stadium', 'R16', null, 'scheduled', null, null),
  (5090, null, null, '2026-07-03T18:00:00+00:00', 'Estadio Azteca', 'R16', null, 'scheduled', null, null),
  (5091, null, null, '2026-07-03T21:00:00+00:00', 'BC Place', 'R16', null, 'scheduled', null, null),
  (5092, null, null, '2026-07-03T12:00:00+00:00', 'SoFi Stadium', 'R16', null, 'scheduled', null, null),
  (5093, null, null, '2026-07-04T15:00:00+00:00', 'AT&T Stadium', 'R16', null, 'scheduled', null, null),
  (5094, null, null, '2026-07-04T18:00:00+00:00', 'NRG Stadium', 'R16', null, 'scheduled', null, null),
  (5095, null, null, '2026-07-04T21:00:00+00:00', 'Hard Rock Stadium', 'R16', null, 'scheduled', null, null),
  (5096, null, null, '2026-07-04T12:00:00+00:00', 'Lumen Field', 'R16', null, 'scheduled', null, null),
  (5097, null, null, '2026-07-09T15:00:00+00:00', 'MetLife Stadium', 'QF', null, 'scheduled', null, null),
  (5098, null, null, '2026-07-09T18:00:00+00:00', 'Estadio Azteca', 'QF', null, 'scheduled', null, null),
  (5099, null, null, '2026-07-09T21:00:00+00:00', 'BC Place', 'QF', null, 'scheduled', null, null),
  (5100, null, null, '2026-07-09T12:00:00+00:00', 'SoFi Stadium', 'QF', null, 'scheduled', null, null),
  (5101, null, null, '2026-07-14T15:00:00+00:00', 'MetLife Stadium', 'SF', null, 'scheduled', null, null),
  (5102, null, null, '2026-07-14T18:00:00+00:00', 'Estadio Azteca', 'SF', null, 'scheduled', null, null),
  (5103, null, null, '2026-07-18T15:00:00+00:00', 'MetLife Stadium', 'final', null, 'scheduled', null, null),
  (5104, null, null, '2026-07-18T18:00:00+00:00', 'Estadio Azteca', 'final', null, 'scheduled', null, null);

insert into team_match_stats (match_id, team_id, possession, shots, shots_on_target, corners, fouls, passes, pass_accuracy, xg, goals_for, goals_against) values
  (5001, 100, 55.8, 7, 2, 1, 15, 549, 77.5, 1.41, 1, 1),
  (5001, 101, 46.8, 12, 4, 10, 7, 508, 71.1, 1.28, 1, 1),
  (5002, 102, 41.8, 11, 3, 5, 11, 510, 68.5, 1.71, 2, 1),
  (5002, 103, 59.3, 10, 4, 9, 7, 544, 78.1, 1.87, 1, 2),
  (5003, 104, 51.6, 16, 7, 7, 11, 512, 72.2, 0.91, 0, 1),
  (5003, 105, 52.5, 8, 2, 4, 18, 572, 78.2, 2.04, 1, 0),
  (5004, 106, 45.5, 12, 4, 9, 7, 547, 74.1, 1.41, 2, 3),
  (5004, 107, 49.8, 7, 3, 5, 9, 562, 72.5, 1.59, 3, 2),
  (5005, 108, 51.1, 13, 5, 11, 11, 516, 77.1, 1.29, 1, 1),
  (5005, 109, 49.8, 8, 2, 2, 15, 530, 71.7, 1.65, 1, 1),
  (5006, 110, 51.4, 7, 2, 1, 15, 575, 76.3, 1.52, 2, 1),
  (5006, 111, 45.7, 10, 4, 5, 9, 481, 70.7, 1.41, 1, 2),
  (5007, 112, 53.0, 8, 3, 3, 11, 527, 73.8, 1.24, 1, 2),
  (5007, 113, 50.9, 8, 3, 11, 14, 506, 73.4, 1.73, 2, 1),
  (5008, 114, 49.9, 10, 4, 2, 9, 566, 76.2, 1.55, 1, 3),
  (5008, 115, 52.4, 10, 2, 11, 9, 573, 76.3, 1.37, 3, 1),
  (5009, 116, 49.6, 10, 3, 11, 8, 537, 74.6, 1.39, 1, 1),
  (5009, 117, 54.5, 9, 3, 5, 10, 519, 78.0, 1.74, 1, 1),
  (5010, 118, 40.3, 9, 3, 4, 12, 500, 70.0, 1.09, 1, 2),
  (5010, 119, 55.3, 16, 5, 7, 14, 531, 79.0, 1.42, 2, 1),
  (5011, 120, 50.1, 5, 1, 4, 18, 551, 73.5, 1.25, 2, 0),
  (5011, 121, 43.6, 7, 2, 6, 9, 477, 72.1, 1.06, 0, 2),
  (5012, 122, 61.0, 13, 3, 2, 12, 570, 79.3, 1.4, 1, 2),
  (5012, 123, 43.4, 11, 4, 5, 11, 513, 71.0, 1.57, 2, 1),
  (5013, 124, 49.2, 10, 3, 8, 9, 493, 75.3, 2.04, 2, 1),
  (5013, 125, 50.7, 6, 2, 2, 18, 524, 77.4, 1.21, 1, 2),
  (5014, 126, 35.3, 8, 3, 4, 18, 479, 68.0, 0.97, 1, 2),
  (5014, 127, 60.0, 9, 3, 2, 16, 608, 82.4, 1.61, 2, 1),
  (5015, 128, 55.0, 16, 6, 11, 18, 517, 75.1, 2.07, 2, 1),
  (5015, 129, 41.3, 9, 3, 6, 17, 480, 68.0, 0.81, 1, 2),
  (5016, 130, 45.4, 10, 2, 5, 9, 470, 69.6, 1.46, 0, 1),
  (5016, 131, 48.0, 13, 4, 11, 18, 531, 70.5, 1.1, 1, 0),
  (5017, 132, 53.7, 13, 5, 6, 12, 531, 75.0, 1.21, 1, 1),
  (5017, 133, 43.9, 8, 2, 7, 15, 462, 70.1, 1.28, 1, 1),
  (5018, 134, 48.1, 7, 1, 4, 11, 529, 73.8, 0.97, 0, 0),
  (5018, 135, 47.9, 11, 2, 8, 17, 484, 73.9, 0.88, 0, 0),
  (5019, 136, 41.0, 7, 1, 7, 8, 464, 69.8, 1.37, 0, 1),
  (5019, 137, 58.3, 16, 4, 11, 13, 558, 76.5, 1.64, 1, 0);

insert into player_match_stats (match_id, player_id, team_id, minutes, goals, assists, shots, key_passes, tackles, rating) values
  (5001, 10001, 100, 90, 0, 0, 1, 0, 0, 6.2),
  (5001, 10002, 100, 90, 0, 0, 0, 0, 1, 6.6),
  (5001, 10003, 100, 90, 0, 0, 1, 0, 1, 7.0),
  (5001, 10004, 100, 90, 0, 0, 0, 2, 2, 7.2),
  (5001, 10005, 100, 90, 0, 0, 1, 0, 2, 7.5),
  (5001, 10006, 100, 90, 0, 0, 0, 2, 5, 7.9),
  (5001, 10007, 100, 90, 0, 0, 0, 1, 4, 6.5),
  (5001, 10008, 100, 90, 0, 0, 3, 4, 5, 6.3),
  (5001, 10009, 100, 44, 0, 0, 3, 0, 2, 7.5),
  (5001, 10010, 100, 20, 1, 0, 1, 3, 2, 7.9),
  (5001, 10011, 100, 29, 0, 0, 1, 4, 5, 6.1),
  (5001, 10013, 100, 83, 0, 0, 2, 1, 1, 6.7),
  (5001, 10014, 100, 79, 0, 1, 0, 0, 1, 6.6),
  (5001, 10012, 100, 42, 0, 1, 1, 4, 0, 7.0),
  (5001, 10016, 101, 90, 0, 0, 0, 1, 0, 7.0),
  (5001, 10017, 101, 90, 0, 0, 0, 2, 0, 6.8),
  (5001, 10018, 101, 90, 0, 0, 1, 2, 1, 6.6),
  (5001, 10019, 101, 90, 0, 0, 1, 2, 0, 6.3),
  (5001, 10020, 101, 90, 0, 0, 0, 0, 3, 7.6),
  (5001, 10021, 101, 90, 0, 0, 1, 2, 4, 7.3),
  (5001, 10022, 101, 90, 0, 0, 1, 2, 2, 7.6),
  (5001, 10023, 101, 90, 1, 0, 1, 3, 1, 7.9),
  (5001, 10024, 101, 58, 0, 0, 1, 2, 5, 5.2),
  (5001, 10025, 101, 63, 0, 0, 1, 3, 4, 6.5),
  (5001, 10026, 101, 32, 0, 0, 3, 1, 4, 8.1),
  (5001, 10029, 101, 81, 0, 1, 1, 0, 1, 6.4),
  (5001, 10028, 101, 38, 0, 0, 2, 0, 1, 5.7),
  (5001, 10030, 101, 68, 0, 0, 0, 3, 0, 5.9),
  (5002, 10031, 102, 90, 0, 0, 0, 2, 1, 6.9),
  (5002, 10032, 102, 90, 0, 0, 1, 0, 1, 7.0),
  (5002, 10033, 102, 90, 0, 0, 1, 0, 4, 5.5),
  (5002, 10034, 102, 90, 0, 0, 1, 2, 2, 6.4),
  (5002, 10035, 102, 90, 0, 0, 1, 1, 1, 7.0),
  (5002, 10036, 102, 90, 0, 0, 0, 1, 1, 7.3),
  (5002, 10037, 102, 90, 0, 0, 1, 2, 4, 8.0),
  (5002, 10038, 102, 90, 0, 0, 0, 4, 2, 8.0),
  (5002, 10039, 102, 85, 0, 0, 2, 4, 2, 7.0),
  (5002, 10040, 102, 88, 0, 0, 2, 4, 4, 6.4),
  (5002, 10041, 102, 64, 2, 0, 3, 4, 1, 7.5),
  (5002, 10044, 102, 66, 0, 0, 1, 4, 1, 6.9),
  (5002, 10045, 102, 23, 0, 0, 0, 1, 0, 7.2),
  (5002, 10043, 102, 40, 0, 0, 3, 4, 0, 7.5),
  (5002, 10046, 103, 90, 0, 0, 0, 0, 0, 6.3),
  (5002, 10047, 103, 90, 0, 0, 1, 2, 0, 7.2),
  (5002, 10048, 103, 90, 0, 0, 1, 0, 2, 6.8),
  (5002, 10049, 103, 90, 0, 0, 0, 1, 5, 6.8),
  (5002, 10050, 103, 90, 0, 0, 0, 1, 5, 6.1),
  (5002, 10051, 103, 90, 0, 0, 0, 2, 3, 7.2),
  (5002, 10052, 103, 90, 0, 0, 1, 2, 1, 7.2),
  (5002, 10053, 103, 90, 1, 0, 1, 4, 3, 7.8),
  (5002, 10054, 103, 36, 0, 1, 3, 3, 0, 6.6),
  (5002, 10055, 103, 80, 0, 0, 0, 0, 3, 6.9),
  (5002, 10056, 103, 43, 0, 0, 0, 2, 5, 6.4),
  (5002, 10059, 103, 33, 0, 0, 1, 0, 0, 6.7),
  (5002, 10057, 103, 59, 0, 0, 3, 0, 0, 6.1),
  (5002, 10060, 103, 72, 0, 0, 0, 4, 1, 7.6),
  (5003, 10061, 104, 90, 0, 0, 1, 1, 1, 7.4),
  (5003, 10062, 104, 90, 0, 1, 0, 2, 1, 7.3),
  (5003, 10063, 104, 90, 0, 0, 0, 2, 2, 6.3),
  (5003, 10064, 104, 90, 0, 0, 1, 2, 0, 7.2),
  (5003, 10065, 104, 90, 0, 0, 1, 2, 3, 6.1),
  (5003, 10066, 104, 90, 0, 0, 1, 1, 5, 6.4),
  (5003, 10067, 104, 90, 0, 0, 1, 1, 0, 6.4),
  (5003, 10068, 104, 90, 0, 0, 2, 4, 4, 7.3),
  (5003, 10069, 104, 26, 0, 1, 2, 3, 2, 5.8),
  (5003, 10070, 104, 52, 0, 1, 1, 0, 0, 7.7),
  (5003, 10071, 104, 49, 0, 1, 2, 4, 4, 5.9),
  (5003, 10075, 104, 88, 0, 0, 0, 2, 0, 7.0),
  (5003, 10072, 104, 33, 0, 0, 1, 0, 0, 7.7),
  (5003, 10073, 104, 29, 0, 0, 3, 0, 0, 6.2),
  (5003, 10076, 105, 90, 0, 0, 1, 1, 1, 5.7),
  (5003, 10077, 105, 90, 0, 0, 1, 0, 0, 6.4),
  (5003, 10078, 105, 90, 0, 0, 1, 1, 1, 6.6),
  (5003, 10079, 105, 90, 0, 0, 0, 2, 3, 8.2),
  (5003, 10080, 105, 90, 0, 0, 0, 0, 3, 7.4),
  (5003, 10081, 105, 90, 0, 0, 1, 1, 5, 6.7),
  (5003, 10082, 105, 90, 0, 0, 0, 0, 2, 6.8),
  (5003, 10083, 105, 90, 1, 1, 4, 4, 4, 7.1),
  (5003, 10084, 105, 39, 0, 0, 1, 2, 0, 7.1),
  (5003, 10085, 105, 69, 0, 1, 3, 0, 0, 6.5),
  (5003, 10086, 105, 66, 0, 0, 0, 2, 4, 6.9),
  (5003, 10090, 105, 31, 0, 0, 0, 4, 0, 7.3),
  (5003, 10089, 105, 48, 0, 0, 2, 1, 0, 7.2),
  (5003, 10087, 105, 35, 0, 0, 3, 2, 0, 7.4),
  (5004, 10091, 106, 90, 0, 0, 0, 1, 0, 6.8),
  (5004, 10092, 106, 90, 0, 0, 1, 0, 1, 7.7),
  (5004, 10093, 106, 90, 0, 0, 1, 1, 2, 7.8),
  (5004, 10094, 106, 90, 0, 0, 0, 0, 2, 7.8),
  (5004, 10095, 106, 90, 0, 0, 1, 0, 1, 6.0),
  (5004, 10096, 106, 90, 0, 0, 0, 0, 2, 5.6),
  (5004, 10097, 106, 90, 0, 0, 0, 0, 5, 6.9),
  (5004, 10098, 106, 90, 0, 0, 3, 2, 4, 6.6),
  (5004, 10099, 106, 48, 0, 0, 0, 2, 5, 6.2),
  (5004, 10100, 106, 74, 0, 0, 0, 2, 2, 6.5),
  (5004, 10101, 106, 87, 2, 0, 3, 3, 4, 7.6),
  (5004, 10105, 106, 22, 0, 0, 3, 3, 0, 6.6),
  (5004, 10104, 106, 25, 0, 0, 3, 1, 1, 6.0),
  (5004, 10102, 106, 65, 0, 0, 0, 2, 0, 7.3),
  (5004, 10106, 107, 90, 0, 0, 0, 1, 0, 5.9),
  (5004, 10107, 107, 90, 0, 0, 0, 0, 1, 7.0),
  (5004, 10108, 107, 90, 0, 0, 1, 0, 3, 8.0),
  (5004, 10109, 107, 90, 0, 0, 0, 0, 5, 6.0),
  (5004, 10110, 107, 90, 0, 0, 1, 0, 2, 6.8),
  (5004, 10111, 107, 90, 0, 0, 1, 2, 3, 6.3),
  (5004, 10112, 107, 90, 0, 0, 0, 0, 3, 6.4),
  (5004, 10113, 107, 90, 1, 0, 4, 2, 2, 7.8),
  (5004, 10114, 107, 50, 0, 0, 2, 4, 0, 7.4),
  (5004, 10115, 107, 48, 1, 0, 2, 2, 4, 6.6),
  (5004, 10116, 107, 78, 0, 0, 0, 2, 5, 7.2),
  (5004, 10118, 107, 25, 1, 0, 4, 2, 0, 7.1),
  (5004, 10120, 107, 69, 0, 0, 3, 2, 1, 7.6),
  (5004, 10117, 107, 55, 0, 1, 0, 4, 0, 7.3),
  (5005, 10121, 108, 90, 0, 0, 0, 1, 0, 6.4),
  (5005, 10122, 108, 90, 0, 0, 0, 2, 0, 6.4),
  (5005, 10123, 108, 90, 0, 0, 0, 0, 0, 7.0),
  (5005, 10124, 108, 90, 0, 0, 1, 2, 1, 6.8),
  (5005, 10125, 108, 90, 0, 0, 0, 0, 3, 6.9),
  (5005, 10126, 108, 90, 0, 0, 0, 1, 0, 6.8),
  (5005, 10127, 108, 90, 0, 0, 0, 2, 1, 5.2),
  (5005, 10128, 108, 90, 1, 0, 2, 0, 2, 7.5),
  (5005, 10129, 108, 87, 0, 0, 3, 3, 5, 5.8),
  (5005, 10130, 108, 73, 0, 0, 3, 0, 0, 6.6),
  (5005, 10131, 108, 59, 0, 0, 2, 0, 0, 6.9),
  (5005, 10134, 108, 85, 0, 0, 0, 0, 1, 6.8),
  (5005, 10133, 108, 20, 0, 0, 0, 0, 1, 7.0),
  (5005, 10132, 108, 76, 0, 0, 3, 3, 0, 7.1),
  (5005, 10136, 109, 90, 0, 0, 0, 0, 0, 7.1),
  (5005, 10137, 109, 90, 0, 0, 1, 0, 0, 6.6),
  (5005, 10138, 109, 90, 0, 0, 0, 2, 3, 5.6),
  (5005, 10139, 109, 90, 0, 0, 1, 2, 5, 7.0),
  (5005, 10140, 109, 90, 0, 0, 0, 2, 5, 6.5),
  (5005, 10141, 109, 90, 0, 0, 0, 2, 1, 6.5),
  (5005, 10142, 109, 90, 0, 0, 0, 1, 0, 7.8),
  (5005, 10143, 109, 90, 0, 0, 0, 4, 3, 5.3),
  (5005, 10144, 109, 35, 1, 1, 1, 2, 3, 8.2),
  (5005, 10145, 109, 80, 0, 0, 2, 2, 4, 6.4),
  (5005, 10146, 109, 60, 0, 1, 3, 1, 2, 7.4),
  (5005, 10149, 109, 86, 0, 1, 2, 4, 1, 7.2),
  (5005, 10148, 109, 45, 0, 0, 0, 1, 1, 7.7),
  (5005, 10147, 109, 40, 0, 0, 1, 3, 1, 7.7),
  (5006, 10151, 110, 90, 0, 0, 1, 0, 1, 8.9),
  (5006, 10152, 110, 90, 0, 0, 0, 2, 1, 7.6),
  (5006, 10153, 110, 90, 0, 0, 0, 1, 0, 6.5),
  (5006, 10154, 110, 90, 0, 0, 0, 0, 1, 7.4),
  (5006, 10155, 110, 90, 0, 0, 0, 2, 5, 7.5),
  (5006, 10156, 110, 90, 0, 0, 1, 2, 2, 7.7),
  (5006, 10157, 110, 90, 0, 0, 1, 2, 1, 7.5),
  (5006, 10158, 110, 90, 0, 0, 1, 3, 3, 6.7),
  (5006, 10159, 110, 85, 0, 0, 1, 0, 5, 7.2),
  (5006, 10160, 110, 87, 2, 0, 5, 0, 3, 7.5),
  (5006, 10161, 110, 25, 0, 1, 1, 1, 4, 6.0),
  (5006, 10163, 110, 70, 0, 0, 2, 1, 1, 7.4),
  (5006, 10165, 110, 48, 0, 1, 2, 3, 1, 6.9),
  (5006, 10162, 110, 45, 0, 0, 2, 0, 0, 6.7),
  (5006, 10166, 111, 90, 0, 0, 1, 0, 1, 7.6),
  (5006, 10167, 111, 90, 0, 0, 0, 1, 0, 7.2),
  (5006, 10168, 111, 90, 0, 0, 0, 2, 2, 7.3),
  (5006, 10169, 111, 90, 0, 0, 1, 0, 4, 7.0),
  (5006, 10170, 111, 90, 0, 0, 1, 2, 0, 6.9),
  (5006, 10171, 111, 90, 0, 0, 0, 0, 3, 6.3),
  (5006, 10172, 111, 90, 0, 0, 0, 0, 1, 8.0),
  (5006, 10173, 111, 90, 1, 0, 2, 0, 2, 6.7),
  (5006, 10174, 111, 40, 0, 1, 0, 0, 2, 6.5),
  (5006, 10175, 111, 52, 0, 0, 1, 2, 0, 6.7),
  (5006, 10176, 111, 22, 0, 0, 1, 1, 4, 6.1),
  (5006, 10177, 111, 49, 0, 0, 1, 0, 0, 7.3),
  (5006, 10178, 111, 43, 0, 1, 1, 4, 1, 7.1),
  (5006, 10180, 111, 88, 0, 0, 3, 0, 1, 7.8),
  (5007, 10181, 112, 90, 0, 0, 0, 1, 1, 7.5),
  (5007, 10182, 112, 90, 0, 0, 1, 2, 0, 7.2),
  (5007, 10183, 112, 90, 0, 0, 1, 1, 0, 6.7),
  (5007, 10184, 112, 90, 0, 0, 1, 0, 4, 7.4),
  (5007, 10185, 112, 90, 0, 0, 1, 0, 2, 6.0),
  (5007, 10186, 112, 90, 0, 0, 0, 0, 4, 7.2),
  (5007, 10187, 112, 90, 0, 0, 1, 2, 4, 7.2),
  (5007, 10188, 112, 90, 0, 0, 0, 0, 4, 7.5),
  (5007, 10189, 112, 71, 0, 0, 2, 2, 2, 6.1),
  (5007, 10190, 112, 25, 0, 0, 1, 3, 1, 7.3),
  (5007, 10191, 112, 73, 1, 0, 2, 3, 3, 8.7),
  (5007, 10195, 112, 81, 0, 0, 3, 2, 0, 6.7),
  (5007, 10193, 112, 72, 0, 0, 0, 3, 0, 8.2),
  (5007, 10194, 112, 51, 0, 0, 1, 1, 0, 7.2),
  (5007, 10196, 113, 90, 0, 0, 0, 2, 1, 6.9),
  (5007, 10197, 113, 90, 0, 0, 1, 1, 0, 6.8),
  (5007, 10198, 113, 90, 0, 0, 0, 0, 4, 6.9),
  (5007, 10199, 113, 90, 0, 0, 0, 1, 0, 6.5),
  (5007, 10200, 113, 90, 0, 0, 0, 2, 3, 7.1),
  (5007, 10201, 113, 90, 0, 0, 1, 1, 1, 6.7),
  (5007, 10202, 113, 90, 0, 0, 1, 2, 1, 7.4),
  (5007, 10203, 113, 90, 0, 0, 1, 2, 2, 7.0),
  (5007, 10204, 113, 76, 1, 0, 3, 3, 3, 7.4),
  (5007, 10205, 113, 75, 1, 0, 4, 3, 4, 7.8),
  (5007, 10206, 113, 40, 0, 1, 0, 2, 1, 7.4),
  (5007, 10210, 113, 57, 0, 0, 3, 3, 0, 6.0),
  (5007, 10208, 113, 64, 0, 0, 0, 4, 0, 6.9),
  (5007, 10209, 113, 29, 0, 1, 3, 3, 1, 6.4),
  (5008, 10211, 114, 90, 0, 0, 0, 1, 1, 7.1),
  (5008, 10212, 114, 90, 0, 0, 1, 1, 0, 7.3),
  (5008, 10213, 114, 90, 0, 0, 1, 0, 3, 6.7),
  (5008, 10214, 114, 90, 0, 0, 1, 0, 3, 6.4),
  (5008, 10215, 114, 90, 0, 0, 0, 2, 3, 7.2),
  (5008, 10216, 114, 90, 0, 0, 0, 0, 0, 6.5),
  (5008, 10217, 114, 90, 0, 0, 1, 1, 4, 7.3),
  (5008, 10218, 114, 90, 1, 0, 4, 2, 5, 7.2),
  (5008, 10219, 114, 88, 0, 0, 0, 0, 3, 6.2),
  (5008, 10220, 114, 61, 0, 1, 2, 4, 0, 6.1),
  (5008, 10221, 114, 20, 0, 1, 1, 0, 2, 6.4),
  (5008, 10224, 114, 23, 0, 0, 1, 3, 0, 7.0),
  (5008, 10222, 114, 62, 0, 0, 3, 0, 0, 7.1),
  (5008, 10225, 114, 63, 0, 0, 2, 2, 1, 6.9),
  (5008, 10226, 115, 90, 0, 0, 0, 1, 1, 6.3),
  (5008, 10227, 115, 90, 0, 0, 0, 0, 0, 7.5),
  (5008, 10228, 115, 90, 0, 0, 0, 1, 2, 5.9),
  (5008, 10229, 115, 90, 0, 0, 0, 2, 0, 6.4),
  (5008, 10230, 115, 90, 0, 0, 0, 1, 4, 6.4),
  (5008, 10231, 115, 90, 0, 0, 0, 1, 1, 6.5),
  (5008, 10232, 115, 90, 0, 0, 0, 1, 5, 6.9),
  (5008, 10233, 115, 90, 0, 0, 3, 4, 2, 7.7),
  (5008, 10234, 115, 32, 0, 0, 3, 4, 2, 7.2),
  (5008, 10235, 115, 85, 2, 0, 2, 2, 4, 7.7),
  (5008, 10236, 115, 84, 1, 1, 4, 2, 2, 6.8),
  (5008, 10240, 115, 75, 0, 0, 1, 2, 0, 6.7),
  (5008, 10237, 115, 88, 0, 0, 3, 0, 1, 6.7),
  (5008, 10238, 115, 64, 0, 0, 1, 2, 1, 6.4),
  (5009, 10241, 116, 90, 0, 0, 1, 1, 1, 7.2),
  (5009, 10242, 116, 90, 0, 0, 1, 2, 0, 8.0),
  (5009, 10243, 116, 90, 0, 0, 0, 1, 5, 7.1),
  (5009, 10244, 116, 90, 0, 0, 0, 2, 3, 5.9),
  (5009, 10245, 116, 90, 0, 0, 0, 0, 5, 7.3),
  (5009, 10246, 116, 90, 0, 0, 1, 2, 5, 6.8),
  (5009, 10247, 116, 90, 0, 0, 1, 1, 1, 7.2),
  (5009, 10248, 116, 90, 0, 0, 2, 2, 5, 7.1),
  (5009, 10249, 116, 34, 0, 0, 0, 3, 2, 6.3),
  (5009, 10250, 116, 38, 0, 0, 2, 3, 3, 7.3),
  (5009, 10251, 116, 41, 1, 0, 1, 1, 4, 7.8),
  (5009, 10255, 116, 36, 0, 0, 2, 4, 0, 6.2),
  (5009, 10253, 116, 40, 0, 0, 3, 4, 1, 5.7),
  (5009, 10254, 116, 68, 0, 0, 3, 4, 1, 6.6),
  (5009, 10256, 117, 90, 0, 0, 1, 2, 1, 5.6),
  (5009, 10257, 117, 90, 0, 0, 1, 1, 1, 6.5),
  (5009, 10258, 117, 90, 0, 0, 1, 1, 3, 7.4),
  (5009, 10259, 117, 90, 0, 0, 1, 2, 4, 6.8),
  (5009, 10260, 117, 90, 0, 0, 0, 2, 5, 6.4),
  (5009, 10261, 117, 90, 0, 0, 1, 1, 0, 5.5),
  (5009, 10262, 117, 90, 0, 0, 1, 2, 2, 7.0),
  (5009, 10263, 117, 90, 1, 0, 4, 0, 3, 8.0),
  (5009, 10264, 117, 77, 0, 0, 1, 3, 5, 6.6),
  (5009, 10265, 117, 37, 0, 1, 0, 3, 1, 7.9),
  (5009, 10266, 117, 37, 0, 0, 1, 2, 3, 6.5),
  (5009, 10270, 117, 25, 0, 0, 3, 3, 1, 7.2),
  (5009, 10269, 117, 58, 0, 0, 0, 0, 0, 8.0),
  (5009, 10267, 117, 42, 0, 0, 1, 4, 0, 6.6),
  (5010, 10271, 118, 90, 0, 0, 1, 1, 0, 7.0),
  (5010, 10272, 118, 90, 0, 0, 1, 1, 0, 7.0),
  (5010, 10273, 118, 90, 0, 0, 1, 1, 0, 6.9),
  (5010, 10274, 118, 90, 0, 0, 1, 1, 0, 7.8),
  (5010, 10275, 118, 90, 0, 0, 1, 0, 0, 6.2),
  (5010, 10276, 118, 90, 0, 0, 0, 2, 1, 6.5),
  (5010, 10277, 118, 90, 0, 0, 1, 0, 0, 7.9),
  (5010, 10278, 118, 90, 1, 0, 2, 4, 0, 7.1),
  (5010, 10279, 118, 57, 0, 0, 2, 3, 2, 7.7),
  (5010, 10280, 118, 29, 0, 0, 2, 4, 3, 5.9),
  (5010, 10281, 118, 70, 0, 1, 3, 0, 1, 5.8),
  (5010, 10284, 118, 23, 0, 0, 2, 1, 1, 7.9),
  (5010, 10283, 118, 67, 0, 0, 0, 3, 0, 5.9),
  (5010, 10282, 118, 63, 0, 0, 2, 4, 0, 7.5),
  (5010, 10286, 119, 90, 0, 0, 0, 2, 1, 7.5),
  (5010, 10287, 119, 90, 0, 0, 1, 1, 1, 7.7),
  (5010, 10288, 119, 90, 0, 0, 1, 0, 2, 5.9),
  (5010, 10289, 119, 90, 0, 0, 0, 0, 0, 8.1),
  (5010, 10290, 119, 90, 0, 0, 0, 1, 0, 6.6),
  (5010, 10291, 119, 90, 0, 0, 1, 1, 3, 7.3),
  (5010, 10292, 119, 90, 0, 0, 0, 2, 1, 6.9),
  (5010, 10293, 119, 90, 0, 0, 1, 0, 1, 7.3),
  (5010, 10294, 119, 52, 1, 0, 1, 4, 4, 7.0),
  (5010, 10295, 119, 54, 0, 0, 1, 0, 2, 6.7),
  (5010, 10296, 119, 20, 1, 0, 3, 0, 4, 7.6),
  (5010, 10298, 119, 49, 0, 0, 2, 2, 0, 7.6),
  (5010, 10300, 119, 56, 0, 0, 3, 2, 1, 6.7),
  (5010, 10297, 119, 60, 0, 0, 2, 4, 0, 6.6),
  (5011, 10301, 120, 90, 0, 0, 1, 1, 1, 7.7),
  (5011, 10302, 120, 90, 0, 0, 0, 2, 0, 7.1),
  (5011, 10303, 120, 90, 0, 0, 1, 1, 0, 7.1),
  (5011, 10304, 120, 90, 0, 0, 0, 1, 3, 7.2),
  (5011, 10305, 120, 90, 0, 0, 1, 2, 1, 5.9),
  (5011, 10306, 120, 90, 0, 0, 1, 0, 0, 7.1),
  (5011, 10307, 120, 90, 0, 0, 0, 2, 0, 5.3),
  (5011, 10308, 120, 90, 0, 0, 1, 1, 3, 6.4),
  (5011, 10309, 120, 40, 2, 0, 3, 3, 5, 7.9),
  (5011, 10310, 120, 46, 0, 1, 2, 0, 3, 6.8),
  (5011, 10311, 120, 40, 0, 0, 2, 1, 1, 5.9),
  (5011, 10315, 120, 61, 0, 1, 0, 3, 1, 8.3),
  (5011, 10314, 120, 81, 0, 0, 2, 1, 1, 7.6),
  (5011, 10312, 120, 31, 0, 0, 2, 4, 0, 6.9),
  (5011, 10316, 121, 90, 0, 0, 1, 1, 0, 6.5),
  (5011, 10317, 121, 90, 0, 1, 1, 1, 0, 6.5),
  (5011, 10318, 121, 90, 0, 0, 1, 0, 0, 6.3),
  (5011, 10319, 121, 90, 0, 0, 1, 1, 2, 7.2),
  (5011, 10320, 121, 90, 0, 0, 1, 2, 1, 6.1),
  (5011, 10321, 121, 90, 0, 0, 0, 1, 5, 6.8),
  (5011, 10322, 121, 90, 0, 0, 1, 2, 0, 7.0),
  (5011, 10323, 121, 90, 0, 1, 3, 2, 5, 7.3),
  (5011, 10324, 121, 73, 0, 0, 3, 0, 1, 6.1),
  (5011, 10325, 121, 76, 0, 0, 3, 2, 0, 7.1),
  (5011, 10326, 121, 62, 0, 0, 3, 3, 5, 7.1),
  (5011, 10328, 121, 78, 0, 0, 1, 3, 1, 7.6),
  (5011, 10327, 121, 44, 0, 1, 2, 2, 1, 7.9),
  (5011, 10329, 121, 35, 0, 0, 1, 1, 0, 7.6),
  (5012, 10331, 122, 90, 0, 0, 1, 0, 1, 6.8),
  (5012, 10332, 122, 90, 0, 0, 0, 1, 0, 6.2),
  (5012, 10333, 122, 90, 0, 0, 1, 1, 5, 6.1),
  (5012, 10334, 122, 90, 0, 0, 1, 1, 0, 8.3),
  (5012, 10335, 122, 90, 0, 0, 1, 1, 3, 7.2),
  (5012, 10336, 122, 90, 0, 0, 0, 0, 0, 7.2),
  (5012, 10337, 122, 90, 0, 0, 0, 0, 5, 7.0),
  (5012, 10338, 122, 90, 0, 0, 3, 4, 3, 6.3),
  (5012, 10339, 122, 77, 1, 0, 4, 3, 4, 6.0),
  (5012, 10340, 122, 81, 0, 0, 0, 3, 2, 7.0),
  (5012, 10341, 122, 89, 0, 0, 0, 4, 4, 5.9),
  (5012, 10343, 122, 23, 0, 0, 1, 3, 1, 5.1),
  (5012, 10344, 122, 57, 0, 0, 1, 1, 1, 6.3),
  (5012, 10342, 122, 21, 0, 1, 3, 0, 1, 7.5),
  (5012, 10346, 123, 90, 0, 0, 1, 2, 1, 8.3),
  (5012, 10347, 123, 90, 0, 0, 1, 0, 1, 6.2),
  (5012, 10348, 123, 90, 0, 0, 1, 1, 0, 7.3),
  (5012, 10349, 123, 90, 0, 0, 0, 2, 3, 6.6),
  (5012, 10350, 123, 90, 0, 0, 0, 1, 3, 7.5),
  (5012, 10351, 123, 90, 0, 0, 1, 1, 1, 6.5),
  (5012, 10352, 123, 90, 0, 0, 1, 0, 5, 6.6),
  (5012, 10353, 123, 90, 0, 0, 3, 3, 0, 6.7),
  (5012, 10354, 123, 81, 0, 0, 2, 0, 2, 7.6),
  (5012, 10355, 123, 33, 0, 0, 3, 1, 5, 6.6),
  (5012, 10356, 123, 43, 1, 0, 3, 4, 1, 7.9),
  (5012, 10357, 123, 77, 0, 0, 3, 2, 1, 7.2),
  (5012, 10358, 123, 36, 0, 0, 2, 2, 0, 7.9),
  (5012, 10360, 123, 23, 1, 0, 2, 2, 0, 8.7),
  (5013, 10361, 124, 90, 0, 0, 1, 2, 0, 8.1),
  (5013, 10362, 124, 90, 0, 0, 0, 1, 1, 7.3),
  (5013, 10363, 124, 90, 0, 0, 1, 1, 1, 7.3),
  (5013, 10364, 124, 90, 0, 0, 0, 2, 4, 6.9),
  (5013, 10365, 124, 90, 0, 0, 1, 2, 5, 5.5),
  (5013, 10366, 124, 90, 0, 0, 1, 1, 4, 7.2),
  (5013, 10367, 124, 90, 0, 0, 1, 2, 0, 7.0),
  (5013, 10368, 124, 90, 0, 0, 0, 1, 1, 6.9),
  (5013, 10369, 124, 46, 1, 0, 1, 3, 2, 7.8),
  (5013, 10370, 124, 83, 0, 0, 0, 1, 1, 5.1),
  (5013, 10371, 124, 74, 0, 0, 1, 4, 5, 5.9),
  (5013, 10373, 124, 24, 0, 0, 2, 2, 0, 6.9),
  (5013, 10372, 124, 28, 1, 0, 1, 2, 1, 7.7),
  (5013, 10374, 124, 70, 0, 0, 0, 0, 0, 6.5),
  (5013, 10376, 125, 90, 0, 0, 0, 2, 1, 6.3),
  (5013, 10377, 125, 90, 0, 0, 0, 0, 1, 7.2),
  (5013, 10378, 125, 90, 0, 0, 1, 2, 5, 6.9),
  (5013, 10379, 125, 90, 0, 0, 0, 2, 1, 6.4),
  (5013, 10380, 125, 90, 0, 0, 1, 0, 3, 6.3),
  (5013, 10381, 125, 90, 0, 0, 0, 1, 3, 5.9),
  (5013, 10382, 125, 90, 0, 0, 1, 1, 3, 8.2),
  (5013, 10383, 125, 90, 0, 0, 1, 2, 4, 7.4),
  (5013, 10384, 125, 90, 1, 1, 3, 3, 5, 8.2),
  (5013, 10385, 125, 25, 0, 0, 2, 4, 4, 6.2),
  (5013, 10386, 125, 51, 0, 0, 3, 0, 3, 7.8),
  (5013, 10388, 125, 44, 0, 0, 1, 4, 1, 6.7),
  (5013, 10387, 125, 33, 0, 1, 0, 1, 1, 6.8),
  (5013, 10389, 125, 56, 0, 0, 0, 2, 0, 6.4),
  (5014, 10391, 126, 90, 0, 0, 1, 1, 0, 8.0),
  (5014, 10392, 126, 90, 0, 0, 0, 0, 0, 6.7),
  (5014, 10393, 126, 90, 0, 0, 1, 2, 3, 6.5),
  (5014, 10394, 126, 90, 0, 0, 1, 1, 0, 6.1),
  (5014, 10395, 126, 90, 0, 0, 0, 2, 2, 7.3),
  (5014, 10396, 126, 90, 0, 0, 0, 1, 0, 6.4),
  (5014, 10397, 126, 90, 0, 0, 0, 0, 5, 7.6),
  (5014, 10398, 126, 90, 1, 0, 4, 4, 2, 8.0),
  (5014, 10399, 126, 56, 0, 0, 2, 0, 4, 6.7),
  (5014, 10400, 126, 44, 0, 0, 0, 4, 4, 7.0),
  (5014, 10401, 126, 48, 0, 0, 2, 1, 5, 7.3),
  (5014, 10404, 126, 28, 0, 0, 0, 4, 0, 6.8),
  (5014, 10402, 126, 82, 0, 1, 2, 3, 1, 6.1),
  (5014, 10405, 126, 36, 0, 1, 2, 0, 1, 6.4),
  (5014, 10406, 127, 90, 0, 0, 1, 2, 0, 6.3),
  (5014, 10407, 127, 90, 0, 0, 0, 2, 0, 7.6),
  (5014, 10408, 127, 90, 0, 0, 1, 1, 1, 7.2),
  (5014, 10409, 127, 90, 0, 0, 1, 1, 4, 7.0),
  (5014, 10410, 127, 90, 0, 0, 1, 0, 0, 7.2),
  (5014, 10411, 127, 90, 0, 0, 1, 1, 2, 6.5),
  (5014, 10412, 127, 90, 0, 0, 0, 1, 1, 6.6),
  (5014, 10413, 127, 90, 0, 0, 2, 1, 1, 7.4),
  (5014, 10414, 127, 68, 0, 0, 1, 0, 0, 7.0),
  (5014, 10415, 127, 76, 0, 0, 2, 1, 0, 7.0),
  (5014, 10416, 127, 21, 1, 0, 0, 0, 2, 6.5),
  (5014, 10417, 127, 32, 0, 0, 0, 0, 1, 6.1),
  (5014, 10419, 127, 79, 1, 0, 2, 1, 1, 7.3),
  (5014, 10420, 127, 56, 0, 0, 0, 2, 1, 5.7),
  (5015, 10421, 128, 90, 0, 0, 0, 0, 0, 7.2),
  (5015, 10422, 128, 90, 0, 0, 1, 2, 1, 6.1),
  (5015, 10423, 128, 90, 0, 0, 1, 2, 5, 6.6),
  (5015, 10424, 128, 90, 0, 0, 1, 2, 0, 6.1),
  (5015, 10425, 128, 90, 0, 0, 1, 2, 2, 6.4),
  (5015, 10426, 128, 90, 0, 0, 0, 0, 5, 7.0),
  (5015, 10427, 128, 90, 0, 0, 0, 1, 3, 7.1),
  (5015, 10428, 128, 90, 0, 0, 3, 2, 2, 6.7),
  (5015, 10429, 128, 25, 0, 0, 0, 0, 4, 6.8),
  (5015, 10430, 128, 48, 2, 0, 5, 2, 0, 9.4),
  (5015, 10431, 128, 82, 0, 0, 1, 4, 2, 6.8),
  (5015, 10432, 128, 35, 0, 0, 1, 4, 0, 6.9),
  (5015, 10433, 128, 63, 0, 0, 2, 0, 0, 7.0),
  (5015, 10434, 128, 24, 0, 0, 0, 1, 0, 7.2),
  (5015, 10436, 129, 90, 0, 0, 1, 2, 0, 6.8),
  (5015, 10437, 129, 90, 0, 0, 0, 1, 1, 7.4),
  (5015, 10438, 129, 90, 0, 0, 1, 1, 1, 6.5),
  (5015, 10439, 129, 90, 0, 0, 1, 2, 5, 6.2),
  (5015, 10440, 129, 90, 0, 0, 1, 0, 0, 6.9),
  (5015, 10441, 129, 90, 0, 0, 1, 2, 0, 7.4),
  (5015, 10442, 129, 90, 0, 0, 1, 1, 3, 6.8),
  (5015, 10443, 129, 90, 0, 0, 3, 2, 0, 6.7),
  (5015, 10444, 129, 26, 0, 0, 1, 1, 5, 6.3),
  (5015, 10445, 129, 70, 0, 0, 2, 1, 4, 6.2),
  (5015, 10446, 129, 90, 0, 0, 1, 1, 3, 7.5),
  (5015, 10447, 129, 47, 0, 0, 2, 1, 1, 6.6),
  (5015, 10449, 129, 66, 1, 0, 2, 2, 1, 8.0),
  (5015, 10448, 129, 40, 0, 0, 1, 4, 1, 6.1),
  (5016, 10451, 130, 90, 0, 0, 0, 2, 0, 7.2),
  (5016, 10452, 130, 90, 0, 0, 0, 0, 1, 7.3),
  (5016, 10453, 130, 90, 0, 1, 0, 1, 4, 6.9),
  (5016, 10454, 130, 90, 0, 1, 1, 1, 1, 6.8),
  (5016, 10455, 130, 90, 0, 1, 1, 0, 0, 6.7),
  (5016, 10456, 130, 90, 0, 0, 0, 1, 1, 7.3),
  (5016, 10457, 130, 90, 0, 0, 1, 2, 4, 5.6),
  (5016, 10458, 130, 90, 0, 0, 3, 1, 0, 7.9),
  (5016, 10459, 130, 66, 0, 0, 2, 4, 4, 6.4),
  (5016, 10460, 130, 73, 0, 0, 1, 1, 1, 7.7),
  (5016, 10461, 130, 69, 0, 1, 1, 2, 4, 5.9),
  (5016, 10464, 130, 58, 0, 0, 2, 0, 1, 6.4),
  (5016, 10462, 130, 29, 0, 0, 1, 2, 0, 6.2),
  (5016, 10463, 130, 49, 0, 0, 3, 4, 0, 7.3),
  (5016, 10466, 131, 90, 0, 0, 0, 1, 0, 6.5),
  (5016, 10467, 131, 90, 0, 0, 1, 1, 1, 6.4),
  (5016, 10468, 131, 90, 0, 0, 0, 1, 5, 5.9),
  (5016, 10469, 131, 90, 0, 0, 0, 0, 0, 6.6),
  (5016, 10470, 131, 90, 0, 0, 1, 2, 2, 7.4),
  (5016, 10471, 131, 90, 0, 0, 0, 0, 0, 7.1),
  (5016, 10472, 131, 90, 0, 0, 1, 2, 1, 7.2),
  (5016, 10473, 131, 90, 1, 0, 1, 2, 5, 7.1),
  (5016, 10474, 131, 39, 0, 0, 0, 4, 1, 7.0),
  (5016, 10475, 131, 21, 0, 0, 2, 3, 2, 6.6),
  (5016, 10476, 131, 57, 0, 0, 3, 0, 3, 7.0),
  (5016, 10477, 131, 69, 0, 0, 3, 4, 0, 6.7),
  (5016, 10478, 131, 33, 0, 0, 2, 2, 0, 6.7),
  (5016, 10479, 131, 32, 0, 0, 1, 0, 0, 5.8),
  (5017, 10481, 132, 90, 0, 0, 0, 1, 0, 6.6),
  (5017, 10482, 132, 90, 0, 0, 1, 2, 1, 6.3),
  (5017, 10483, 132, 90, 0, 0, 1, 1, 0, 7.1),
  (5017, 10484, 132, 90, 0, 0, 0, 2, 5, 7.3),
  (5017, 10485, 132, 90, 0, 0, 1, 2, 2, 7.6),
  (5017, 10486, 132, 90, 0, 0, 1, 2, 3, 6.7),
  (5017, 10487, 132, 90, 0, 0, 0, 0, 0, 7.3),
  (5017, 10488, 132, 90, 0, 0, 0, 4, 3, 6.7),
  (5017, 10489, 132, 31, 0, 0, 0, 0, 5, 6.4),
  (5017, 10490, 132, 90, 0, 0, 3, 2, 4, 7.3),
  (5017, 10491, 132, 70, 1, 1, 3, 3, 1, 7.6),
  (5017, 10492, 132, 45, 0, 1, 2, 1, 0, 6.1),
  (5017, 10495, 132, 41, 0, 0, 1, 2, 1, 6.1),
  (5017, 10494, 132, 69, 0, 1, 0, 0, 1, 7.3),
  (5017, 10496, 133, 90, 0, 0, 0, 1, 0, 5.7),
  (5017, 10497, 133, 90, 0, 0, 1, 0, 0, 8.1),
  (5017, 10498, 133, 90, 0, 0, 0, 0, 3, 7.6),
  (5017, 10499, 133, 90, 0, 0, 0, 1, 0, 7.1),
  (5017, 10500, 133, 90, 0, 0, 0, 0, 5, 7.1),
  (5017, 10501, 133, 90, 0, 0, 0, 2, 1, 6.5),
  (5017, 10502, 133, 90, 0, 0, 1, 0, 2, 7.0),
  (5017, 10503, 133, 90, 1, 0, 4, 4, 3, 6.3),
  (5017, 10504, 133, 80, 0, 1, 3, 2, 1, 6.8),
  (5017, 10505, 133, 82, 0, 0, 2, 2, 0, 6.6),
  (5017, 10506, 133, 88, 0, 1, 2, 0, 3, 6.9),
  (5017, 10510, 133, 38, 0, 0, 0, 0, 0, 7.8),
  (5017, 10509, 133, 29, 0, 0, 0, 4, 0, 7.1),
  (5017, 10507, 133, 53, 0, 0, 3, 0, 1, 6.3),
  (5018, 10511, 134, 90, 0, 0, 1, 1, 0, 7.0),
  (5018, 10512, 134, 90, 0, 1, 1, 2, 0, 6.9),
  (5018, 10513, 134, 90, 0, 0, 1, 0, 0, 7.4),
  (5018, 10514, 134, 90, 0, 0, 1, 1, 3, 7.1),
  (5018, 10515, 134, 90, 0, 0, 0, 0, 5, 6.9),
  (5018, 10516, 134, 90, 0, 0, 0, 2, 0, 7.1),
  (5018, 10517, 134, 90, 0, 0, 1, 0, 0, 5.7),
  (5018, 10518, 134, 90, 0, 0, 2, 2, 2, 6.8),
  (5018, 10519, 134, 85, 0, 0, 3, 0, 5, 6.0),
  (5018, 10520, 134, 39, 0, 0, 1, 1, 1, 6.6),
  (5018, 10521, 134, 54, 0, 0, 3, 2, 0, 6.6),
  (5018, 10524, 134, 53, 0, 0, 2, 1, 0, 7.2),
  (5018, 10525, 134, 42, 0, 1, 2, 0, 0, 6.4),
  (5018, 10522, 134, 31, 0, 0, 2, 2, 1, 6.6),
  (5018, 10526, 135, 90, 0, 0, 0, 0, 0, 5.5),
  (5018, 10527, 135, 90, 0, 0, 1, 1, 1, 6.7),
  (5018, 10528, 135, 90, 0, 1, 0, 0, 1, 6.5),
  (5018, 10529, 135, 90, 0, 0, 1, 2, 4, 6.8),
  (5018, 10530, 135, 90, 0, 1, 0, 0, 2, 7.5),
  (5018, 10531, 135, 90, 0, 0, 0, 2, 0, 6.1),
  (5018, 10532, 135, 90, 0, 0, 1, 2, 0, 6.8),
  (5018, 10533, 135, 90, 0, 0, 3, 4, 0, 6.3),
  (5018, 10534, 135, 89, 0, 0, 2, 1, 1, 6.4),
  (5018, 10535, 135, 23, 0, 0, 2, 0, 3, 6.7),
  (5018, 10536, 135, 59, 0, 0, 2, 0, 5, 6.9),
  (5018, 10539, 135, 76, 0, 0, 1, 3, 1, 7.2),
  (5018, 10537, 135, 70, 0, 1, 3, 0, 1, 7.1),
  (5018, 10540, 135, 54, 0, 0, 2, 3, 0, 6.4),
  (5019, 10541, 136, 90, 0, 1, 0, 1, 1, 6.7),
  (5019, 10542, 136, 90, 0, 0, 1, 0, 0, 7.9),
  (5019, 10543, 136, 90, 0, 0, 1, 0, 1, 7.6),
  (5019, 10544, 136, 90, 0, 0, 1, 0, 1, 6.8),
  (5019, 10545, 136, 90, 0, 0, 1, 1, 2, 6.2),
  (5019, 10546, 136, 90, 0, 0, 0, 1, 0, 7.4),
  (5019, 10547, 136, 90, 0, 1, 1, 0, 0, 7.2),
  (5019, 10548, 136, 90, 0, 0, 0, 2, 0, 6.8),
  (5019, 10549, 136, 36, 0, 0, 1, 2, 0, 8.0),
  (5019, 10550, 136, 80, 0, 0, 1, 1, 3, 7.4),
  (5019, 10551, 136, 51, 0, 0, 3, 4, 3, 7.3),
  (5019, 10552, 136, 59, 0, 0, 0, 3, 1, 6.5),
  (5019, 10555, 136, 29, 0, 0, 2, 1, 0, 6.2),
  (5019, 10554, 136, 53, 0, 1, 3, 2, 1, 6.8),
  (5019, 10556, 137, 90, 0, 0, 1, 1, 1, 7.3),
  (5019, 10557, 137, 90, 0, 0, 1, 1, 1, 6.4),
  (5019, 10558, 137, 90, 0, 0, 0, 1, 2, 6.5),
  (5019, 10559, 137, 90, 0, 0, 0, 2, 1, 6.8),
  (5019, 10560, 137, 90, 0, 0, 0, 1, 5, 6.6),
  (5019, 10561, 137, 90, 0, 0, 1, 0, 2, 5.9),
  (5019, 10562, 137, 90, 0, 0, 1, 1, 3, 6.8),
  (5019, 10563, 137, 90, 1, 0, 3, 1, 5, 8.6),
  (5019, 10564, 137, 23, 0, 0, 2, 4, 2, 7.5),
  (5019, 10565, 137, 83, 0, 0, 2, 3, 5, 5.9),
  (5019, 10566, 137, 40, 0, 1, 3, 0, 0, 8.3),
  (5019, 10570, 137, 69, 0, 0, 1, 3, 0, 7.4),
  (5019, 10567, 137, 45, 0, 0, 2, 3, 0, 6.8),
  (5019, 10568, 137, 87, 0, 0, 2, 0, 1, 5.7);

insert into match_snapshots (match_id, captured_at, elapsed_minute, payload) values
  (5020, '2026-06-14T16:00:00+00:00', 0, '{"fixture":{"id":5020,"status":{"short":"1H","elapsed":0}},"goals":{"home":0,"away":0},"statistics":[{"team":{"id":138},"statistics":[{"type":"Ball Possession","value":"54%"},{"type":"Total Shots","value":1},{"type":"Shots on Goal","value":0},{"type":"Corner Kicks","value":0},{"type":"Fouls","value":1},{"type":"expected_goals","value":0.04}]},{"team":{"id":139},"statistics":[{"type":"Ball Possession","value":"46%"},{"type":"Total Shots","value":0},{"type":"Shots on Goal","value":0},{"type":"Corner Kicks","value":0},{"type":"Fouls","value":0},{"type":"expected_goals","value":0.0}]}]}'),
  (5020, '2026-06-14T16:03:00+00:00', 3, '{"fixture":{"id":5020,"status":{"short":"1H","elapsed":3}},"goals":{"home":0,"away":0},"statistics":[{"team":{"id":138},"statistics":[{"type":"Ball Possession","value":"53%"},{"type":"Total Shots","value":2},{"type":"Shots on Goal","value":0},{"type":"Corner Kicks","value":0},{"type":"Fouls","value":2},{"type":"expected_goals","value":0.08}]},{"team":{"id":139},"statistics":[{"type":"Ball Possession","value":"47%"},{"type":"Total Shots","value":0},{"type":"Shots on Goal","value":0},{"type":"Corner Kicks","value":0},{"type":"Fouls","value":0},{"type":"expected_goals","value":0.0}]}]}'),
  (5020, '2026-06-14T16:06:00+00:00', 6, '{"fixture":{"id":5020,"status":{"short":"1H","elapsed":6}},"goals":{"home":0,"away":0},"statistics":[{"team":{"id":138},"statistics":[{"type":"Ball Possession","value":"54%"},{"type":"Total Shots","value":3},{"type":"Shots on Goal","value":1},{"type":"Corner Kicks","value":0},{"type":"Fouls","value":2},{"type":"expected_goals","value":0.3}]},{"team":{"id":139},"statistics":[{"type":"Ball Possession","value":"46%"},{"type":"Total Shots","value":0},{"type":"Shots on Goal","value":0},{"type":"Corner Kicks","value":1},{"type":"Fouls","value":0},{"type":"expected_goals","value":0.0}]}]}'),
  (5020, '2026-06-14T16:09:00+00:00', 9, '{"fixture":{"id":5020,"status":{"short":"1H","elapsed":9}},"goals":{"home":0,"away":0},"statistics":[{"team":{"id":138},"statistics":[{"type":"Ball Possession","value":"51%"},{"type":"Total Shots","value":4},{"type":"Shots on Goal","value":1},{"type":"Corner Kicks","value":1},{"type":"Fouls","value":3},{"type":"expected_goals","value":0.34}]},{"team":{"id":139},"statistics":[{"type":"Ball Possession","value":"49%"},{"type":"Total Shots","value":1},{"type":"Shots on Goal","value":1},{"type":"Corner Kicks","value":1},{"type":"Fouls","value":0},{"type":"expected_goals","value":0.22}]}]}'),
  (5020, '2026-06-14T16:12:00+00:00', 12, '{"fixture":{"id":5020,"status":{"short":"1H","elapsed":12}},"goals":{"home":1,"away":0},"statistics":[{"team":{"id":138},"statistics":[{"type":"Ball Possession","value":"52%"},{"type":"Total Shots","value":4},{"type":"Shots on Goal","value":1},{"type":"Corner Kicks","value":1},{"type":"Fouls","value":3},{"type":"expected_goals","value":0.34}]},{"team":{"id":139},"statistics":[{"type":"Ball Possession","value":"48%"},{"type":"Total Shots","value":1},{"type":"Shots on Goal","value":1},{"type":"Corner Kicks","value":1},{"type":"Fouls","value":1},{"type":"expected_goals","value":0.22}]}]}'),
  (5020, '2026-06-14T16:15:00+00:00', 15, '{"fixture":{"id":5020,"status":{"short":"1H","elapsed":15}},"goals":{"home":1,"away":0},"statistics":[{"team":{"id":138},"statistics":[{"type":"Ball Possession","value":"52%"},{"type":"Total Shots","value":4},{"type":"Shots on Goal","value":1},{"type":"Corner Kicks","value":2},{"type":"Fouls","value":4},{"type":"expected_goals","value":0.34}]},{"team":{"id":139},"statistics":[{"type":"Ball Possession","value":"48%"},{"type":"Total Shots","value":1},{"type":"Shots on Goal","value":1},{"type":"Corner Kicks","value":1},{"type":"Fouls","value":1},{"type":"expected_goals","value":0.22}]}]}'),
  (5020, '2026-06-14T16:18:00+00:00', 18, '{"fixture":{"id":5020,"status":{"short":"1H","elapsed":18}},"goals":{"home":1,"away":0},"statistics":[{"team":{"id":138},"statistics":[{"type":"Ball Possession","value":"49%"},{"type":"Total Shots","value":5},{"type":"Shots on Goal","value":1},{"type":"Corner Kicks","value":2},{"type":"Fouls","value":5},{"type":"expected_goals","value":0.38}]},{"team":{"id":139},"statistics":[{"type":"Ball Possession","value":"51%"},{"type":"Total Shots","value":1},{"type":"Shots on Goal","value":1},{"type":"Corner Kicks","value":1},{"type":"Fouls","value":1},{"type":"expected_goals","value":0.22}]}]}'),
  (5020, '2026-06-14T16:21:00+00:00', 21, '{"fixture":{"id":5020,"status":{"short":"1H","elapsed":21}},"goals":{"home":1,"away":0},"statistics":[{"team":{"id":138},"statistics":[{"type":"Ball Possession","value":"50%"},{"type":"Total Shots","value":5},{"type":"Shots on Goal","value":1},{"type":"Corner Kicks","value":2},{"type":"Fouls","value":6},{"type":"expected_goals","value":0.38}]},{"team":{"id":139},"statistics":[{"type":"Ball Possession","value":"50%"},{"type":"Total Shots","value":2},{"type":"Shots on Goal","value":1},{"type":"Corner Kicks","value":2},{"type":"Fouls","value":1},{"type":"expected_goals","value":0.26}]}]}'),
  (5020, '2026-06-14T16:24:00+00:00', 24, '{"fixture":{"id":5020,"status":{"short":"1H","elapsed":24}},"goals":{"home":1,"away":0},"statistics":[{"team":{"id":138},"statistics":[{"type":"Ball Possession","value":"49%"},{"type":"Total Shots","value":5},{"type":"Shots on Goal","value":1},{"type":"Corner Kicks","value":2},{"type":"Fouls","value":6},{"type":"expected_goals","value":0.38}]},{"team":{"id":139},"statistics":[{"type":"Ball Possession","value":"51%"},{"type":"Total Shots","value":2},{"type":"Shots on Goal","value":1},{"type":"Corner Kicks","value":2},{"type":"Fouls","value":2},{"type":"expected_goals","value":0.26}]}]}'),
  (5020, '2026-06-14T16:27:00+00:00', 27, '{"fixture":{"id":5020,"status":{"short":"1H","elapsed":27}},"goals":{"home":1,"away":0},"statistics":[{"team":{"id":138},"statistics":[{"type":"Ball Possession","value":"56%"},{"type":"Total Shots","value":5},{"type":"Shots on Goal","value":1},{"type":"Corner Kicks","value":2},{"type":"Fouls","value":6},{"type":"expected_goals","value":0.38}]},{"team":{"id":139},"statistics":[{"type":"Ball Possession","value":"44%"},{"type":"Total Shots","value":3},{"type":"Shots on Goal","value":1},{"type":"Corner Kicks","value":2},{"type":"Fouls","value":2},{"type":"expected_goals","value":0.3}]}]}'),
  (5020, '2026-06-14T16:30:00+00:00', 30, '{"fixture":{"id":5020,"status":{"short":"1H","elapsed":30}},"goals":{"home":1,"away":0},"statistics":[{"team":{"id":138},"statistics":[{"type":"Ball Possession","value":"49%"},{"type":"Total Shots","value":6},{"type":"Shots on Goal","value":1},{"type":"Corner Kicks","value":2},{"type":"Fouls","value":6},{"type":"expected_goals","value":0.42}]},{"team":{"id":139},"statistics":[{"type":"Ball Possession","value":"51%"},{"type":"Total Shots","value":4},{"type":"Shots on Goal","value":2},{"type":"Corner Kicks","value":2},{"type":"Fouls","value":2},{"type":"expected_goals","value":0.52}]}]}'),
  (5020, '2026-06-14T16:33:00+00:00', 33, '{"fixture":{"id":5020,"status":{"short":"1H","elapsed":33}},"goals":{"home":1,"away":0},"statistics":[{"team":{"id":138},"statistics":[{"type":"Ball Possession","value":"51%"},{"type":"Total Shots","value":7},{"type":"Shots on Goal","value":2},{"type":"Corner Kicks","value":2},{"type":"Fouls","value":7},{"type":"expected_goals","value":0.64}]},{"team":{"id":139},"statistics":[{"type":"Ball Possession","value":"49%"},{"type":"Total Shots","value":4},{"type":"Shots on Goal","value":2},{"type":"Corner Kicks","value":2},{"type":"Fouls","value":2},{"type":"expected_goals","value":0.52}]}]}'),
  (5020, '2026-06-14T16:36:00+00:00', 36, '{"fixture":{"id":5020,"status":{"short":"1H","elapsed":36}},"goals":{"home":1,"away":0},"statistics":[{"team":{"id":138},"statistics":[{"type":"Ball Possession","value":"55%"},{"type":"Total Shots","value":8},{"type":"Shots on Goal","value":2},{"type":"Corner Kicks","value":2},{"type":"Fouls","value":8},{"type":"expected_goals","value":0.68}]},{"team":{"id":139},"statistics":[{"type":"Ball Possession","value":"45%"},{"type":"Total Shots","value":4},{"type":"Shots on Goal","value":2},{"type":"Corner Kicks","value":3},{"type":"Fouls","value":3},{"type":"expected_goals","value":0.52}]}]}'),
  (5020, '2026-06-14T16:39:00+00:00', 39, '{"fixture":{"id":5020,"status":{"short":"1H","elapsed":39}},"goals":{"home":1,"away":0},"statistics":[{"team":{"id":138},"statistics":[{"type":"Ball Possession","value":"52%"},{"type":"Total Shots","value":9},{"type":"Shots on Goal","value":2},{"type":"Corner Kicks","value":3},{"type":"Fouls","value":8},{"type":"expected_goals","value":0.72}]},{"team":{"id":139},"statistics":[{"type":"Ball Possession","value":"48%"},{"type":"Total Shots","value":4},{"type":"Shots on Goal","value":2},{"type":"Corner Kicks","value":3},{"type":"Fouls","value":3},{"type":"expected_goals","value":0.52}]}]}'),
  (5020, '2026-06-14T16:42:00+00:00', 42, '{"fixture":{"id":5020,"status":{"short":"1H","elapsed":42}},"goals":{"home":1,"away":1},"statistics":[{"team":{"id":138},"statistics":[{"type":"Ball Possession","value":"53%"},{"type":"Total Shots","value":10},{"type":"Shots on Goal","value":2},{"type":"Corner Kicks","value":3},{"type":"Fouls","value":9},{"type":"expected_goals","value":0.76}]},{"team":{"id":139},"statistics":[{"type":"Ball Possession","value":"47%"},{"type":"Total Shots","value":4},{"type":"Shots on Goal","value":2},{"type":"Corner Kicks","value":4},{"type":"Fouls","value":3},{"type":"expected_goals","value":0.52}]}]}'),
  (5020, '2026-06-14T16:45:00+00:00', 45, '{"fixture":{"id":5020,"status":{"short":"1H","elapsed":45}},"goals":{"home":1,"away":1},"statistics":[{"team":{"id":138},"statistics":[{"type":"Ball Possession","value":"52%"},{"type":"Total Shots","value":11},{"type":"Shots on Goal","value":2},{"type":"Corner Kicks","value":3},{"type":"Fouls","value":9},{"type":"expected_goals","value":0.8}]},{"team":{"id":139},"statistics":[{"type":"Ball Possession","value":"48%"},{"type":"Total Shots","value":4},{"type":"Shots on Goal","value":2},{"type":"Corner Kicks","value":5},{"type":"Fouls","value":3},{"type":"expected_goals","value":0.52}]}]}'),
  (5020, '2026-06-14T16:48:00+00:00', 48, '{"fixture":{"id":5020,"status":{"short":"2H","elapsed":48}},"goals":{"home":1,"away":1},"statistics":[{"team":{"id":138},"statistics":[{"type":"Ball Possession","value":"56%"},{"type":"Total Shots","value":11},{"type":"Shots on Goal","value":2},{"type":"Corner Kicks","value":3},{"type":"Fouls","value":10},{"type":"expected_goals","value":0.8}]},{"team":{"id":139},"statistics":[{"type":"Ball Possession","value":"44%"},{"type":"Total Shots","value":5},{"type":"Shots on Goal","value":3},{"type":"Corner Kicks","value":5},{"type":"Fouls","value":3},{"type":"expected_goals","value":0.74}]}]}'),
  (5020, '2026-06-14T16:51:00+00:00', 51, '{"fixture":{"id":5020,"status":{"short":"2H","elapsed":51}},"goals":{"home":1,"away":1},"statistics":[{"team":{"id":138},"statistics":[{"type":"Ball Possession","value":"55%"},{"type":"Total Shots","value":12},{"type":"Shots on Goal","value":3},{"type":"Corner Kicks","value":3},{"type":"Fouls","value":10},{"type":"expected_goals","value":1.02}]},{"team":{"id":139},"statistics":[{"type":"Ball Possession","value":"45%"},{"type":"Total Shots","value":6},{"type":"Shots on Goal","value":3},{"type":"Corner Kicks","value":5},{"type":"Fouls","value":3},{"type":"expected_goals","value":0.78}]}]}'),
  (5020, '2026-06-14T16:54:00+00:00', 54, '{"fixture":{"id":5020,"status":{"short":"2H","elapsed":54}},"goals":{"home":1,"away":1},"statistics":[{"team":{"id":138},"statistics":[{"type":"Ball Possession","value":"52%"},{"type":"Total Shots","value":13},{"type":"Shots on Goal","value":3},{"type":"Corner Kicks","value":3},{"type":"Fouls","value":10},{"type":"expected_goals","value":1.06}]},{"team":{"id":139},"statistics":[{"type":"Ball Possession","value":"48%"},{"type":"Total Shots","value":7},{"type":"Shots on Goal","value":3},{"type":"Corner Kicks","value":5},{"type":"Fouls","value":4},{"type":"expected_goals","value":0.82}]}]}'),
  (5020, '2026-06-14T16:57:00+00:00', 57, '{"fixture":{"id":5020,"status":{"short":"2H","elapsed":57}},"goals":{"home":1,"away":1},"statistics":[{"team":{"id":138},"statistics":[{"type":"Ball Possession","value":"54%"},{"type":"Total Shots","value":14},{"type":"Shots on Goal","value":3},{"type":"Corner Kicks","value":3},{"type":"Fouls","value":10},{"type":"expected_goals","value":1.1}]},{"team":{"id":139},"statistics":[{"type":"Ball Possession","value":"46%"},{"type":"Total Shots","value":7},{"type":"Shots on Goal","value":3},{"type":"Corner Kicks","value":5},{"type":"Fouls","value":4},{"type":"expected_goals","value":0.82}]}]}'),
  (5020, '2026-06-14T17:00:00+00:00', 60, '{"fixture":{"id":5020,"status":{"short":"2H","elapsed":60}},"goals":{"home":2,"away":1},"statistics":[{"team":{"id":138},"statistics":[{"type":"Ball Possession","value":"50%"},{"type":"Total Shots","value":14},{"type":"Shots on Goal","value":3},{"type":"Corner Kicks","value":4},{"type":"Fouls","value":11},{"type":"expected_goals","value":1.1}]},{"team":{"id":139},"statistics":[{"type":"Ball Possession","value":"50%"},{"type":"Total Shots","value":7},{"type":"Shots on Goal","value":3},{"type":"Corner Kicks","value":5},{"type":"Fouls","value":4},{"type":"expected_goals","value":0.82}]}]}'),
  (5020, '2026-06-14T17:03:00+00:00', 63, '{"fixture":{"id":5020,"status":{"short":"2H","elapsed":63}},"goals":{"home":2,"away":1},"statistics":[{"team":{"id":138},"statistics":[{"type":"Ball Possession","value":"48%"},{"type":"Total Shots","value":14},{"type":"Shots on Goal","value":3},{"type":"Corner Kicks","value":4},{"type":"Fouls","value":11},{"type":"expected_goals","value":1.1}]},{"team":{"id":139},"statistics":[{"type":"Ball Possession","value":"52%"},{"type":"Total Shots","value":8},{"type":"Shots on Goal","value":4},{"type":"Corner Kicks","value":5},{"type":"Fouls","value":5},{"type":"expected_goals","value":1.04}]}]}');

insert into team_form (team_id, as_of_date, overall_form, attacking_form, defending_form, elo, sample_size) values
  (100, '2026-06-12', 48.59290988626601, 46.452388158187325, 50.73343161434469, 1820.5, 1),
  (101, '2026-06-12', 50.34825277229368, 48.323886091035085, 52.37261945355227, 1806.6, 1),
  (102, '2026-06-12', 50.72777900251633, 52.5929850129826, 48.86257299205006, 1730.1, 1),
  (103, '2026-06-12', 48.00097084140336, 50.664809385227166, 45.33713229757955, 1912.5, 1),
  (104, '2026-06-12', 48.097200657555696, 47.67218594053892, 48.52221537457247, 1869.1, 1),
  (105, '2026-06-12', 52.662380220779944, 51.78602498289528, 53.53873545866461, 1858.7, 1),
  (106, '2026-06-12', 49.758817245962774, 51.94008556392881, 47.57754892799674, 1883.1, 1),
  (107, '2026-06-12', 50.88575454222672, 52.60686233642978, 49.164646748023664, 1886.3, 1),
  (108, '2026-06-12', 50.97996008976099, 50.57096461970979, 51.388955559812196, 1859.2, 1),
  (109, '2026-06-12', 49.62755854345886, 48.56070981935362, 50.694407267564095, 1869.4, 1),
  (110, '2026-06-12', 50.46244923970367, 49.643834744657724, 51.281063734749615, 1873.0, 1),
  (111, '2026-06-12', 49.85596695807198, 49.18526334505391, 50.526670571090044, 1869.4, 1),
  (112, '2026-06-12', 50.0, 50.0, 50.0, 1863.1, 0),
  (113, '2026-06-12', 50.0, 50.0, 50.0, 1838.3, 0),
  (114, '2026-06-12', 50.0, 50.0, 50.0, 1815.5, 0),
  (115, '2026-06-12', 50.0, 50.0, 50.0, 1828.7, 0),
  (116, '2026-06-12', 50.0, 50.0, 50.0, 1748.5, 0),
  (117, '2026-06-12', 50.0, 50.0, 50.0, 1717.8, 0),
  (118, '2026-06-12', 50.0, 50.0, 50.0, 1661.0, 0),
  (119, '2026-06-12', 50.0, 50.0, 50.0, 1833.2, 0),
  (120, '2026-06-12', 50.0, 50.0, 50.0, 1788.3, 0),
  (121, '2026-06-12', 50.0, 50.0, 50.0, 1771.5, 0),
  (122, '2026-06-12', 50.0, 50.0, 50.0, 1786.5, 0),
  (123, '2026-06-12', 50.0, 50.0, 50.0, 1579.6, 0),
  (124, '2026-06-12', 50.0, 50.0, 50.0, 1682.0, 0),
  (125, '2026-06-12', 50.0, 50.0, 50.0, 1591.5, 0),
  (126, '2026-06-12', 50.0, 50.0, 50.0, 1541.3, 0),
  (127, '2026-06-12', 50.0, 50.0, 50.0, 1837.0, 0),
  (128, '2026-06-12', 50.0, 50.0, 50.0, 1796.2, 0),
  (129, '2026-06-12', 50.0, 50.0, 50.0, 1658.8, 0),
  (130, '2026-06-12', 50.0, 50.0, 50.0, 1710.5, 0),
  (131, '2026-06-12', 50.0, 50.0, 50.0, 1693.9, 0),
  (132, '2026-06-12', 50.0, 50.0, 50.0, 1614.6, 0),
  (133, '2026-06-12', 50.0, 50.0, 50.0, 1545.9, 0),
  (134, '2026-06-12', 50.0, 50.0, 50.0, 1704.3, 0),
  (135, '2026-06-12', 50.0, 50.0, 50.0, 1706.7, 0),
  (136, '2026-06-12', 50.0, 50.0, 50.0, 1590.4, 0),
  (137, '2026-06-12', 50.0, 50.0, 50.0, 1766.2, 0),
  (138, '2026-06-12', 50.0, 50.0, 50.0, 1795.0, 0),
  (139, '2026-06-12', 50.0, 50.0, 50.0, 1744.7, 0),
  (140, '2026-06-12', 50.0, 50.0, 50.0, 1720.1, 0),
  (141, '2026-06-12', 50.0, 50.0, 50.0, 1740.9, 0),
  (142, '2026-06-12', 50.0, 50.0, 50.0, 1777.8, 0),
  (143, '2026-06-12', 50.0, 50.0, 50.0, 1734.9, 0),
  (144, '2026-06-12', 50.0, 50.0, 50.0, 1737.8, 0),
  (145, '2026-06-12', 50.0, 50.0, 50.0, 1740.8, 0),
  (146, '2026-06-12', 50.0, 50.0, 50.0, 1681.5, 0),
  (147, '2026-06-12', 50.0, 50.0, 50.0, 1415.5, 0),
  (100, '2026-06-13', 49.20571733868997, 47.42413398146384, 50.9873006959161, 1820.5, 1),
  (101, '2026-06-13', 51.11994389557416, 49.50624834102893, 52.733639450119384, 1806.6, 1),
  (102, '2026-06-13', 51.229324866452274, 53.62637317903046, 48.83227655387408, 1730.1, 1),
  (103, '2026-06-13', 48.618621350846, 51.832888864062866, 45.40435383762913, 1912.5, 1),
  (104, '2026-06-13', 48.8511416112895, 49.16387829934323, 48.538404923235774, 1869.1, 1),
  (105, '2026-06-13', 53.24504913846656, 52.73206358900758, 53.75803468792555, 1858.7, 1),
  (106, '2026-06-13', 50.46561100130208, 53.103907300403954, 47.827314702200205, 1883.1, 1),
  (107, '2026-06-13', 51.51097270316001, 53.610650792026526, 49.41129461429348, 1886.3, 1),
  (108, '2026-06-13', 51.74748170689452, 51.85467202303431, 51.640291390754726, 1859.2, 1),
  (109, '2026-06-13', 50.19599143291802, 49.50702902881496, 50.88495383702108, 1869.4, 1),
  (110, '2026-06-13', 51.040843582952135, 50.5874250627661, 51.49426210313817, 1873.0, 1),
  (111, '2026-06-13', 50.601604668796874, 50.32559763481662, 50.87761170277712, 1869.4, 1),
  (112, '2026-06-13', 47.70555852274044, 47.689915300042024, 47.72120174543885, 1863.1, 1),
  (113, '2026-06-13', 53.53113325356798, 53.26653209204535, 53.79573441509061, 1838.3, 1),
  (114, '2026-06-13', 49.707312211874296, 50.71490437197419, 48.699720051774406, 1815.5, 1),
  (115, '2026-06-13', 50.6291349509935, 51.77288967922212, 49.485380222764896, 1828.7, 1),
  (116, '2026-06-13', 47.54037764564832, 47.79227735852913, 47.288477932767506, 1748.5, 1),
  (117, '2026-06-13', 50.15868292032701, 50.04470775052614, 50.27265809012787, 1717.8, 1),
  (118, '2026-06-13', 46.7965892632108, 46.64838154573834, 46.94479698068326, 1661.0, 1),
  (119, '2026-06-13', 51.28564644064169, 51.44793974044271, 51.12335314084068, 1833.2, 1),
  (120, '2026-06-13', 51.350874912043004, 46.25840265568487, 56.44334716840114, 1788.3, 1),
  (121, '2026-06-13', 47.923660515965125, 43.324263348137386, 52.523057683792864, 1771.5, 1),
  (122, '2026-06-13', 44.47051043878344, 45.975431319375076, 42.96558955819181, 1786.5, 1),
  (123, '2026-06-13', 51.06821562686231, 51.7894867424833, 50.34694451124132, 1579.6, 1),
  (124, '2026-06-13', 50.0, 50.0, 50.0, 1682.0, 0),
  (125, '2026-06-13', 50.0, 50.0, 50.0, 1591.5, 0),
  (126, '2026-06-13', 50.0, 50.0, 50.0, 1541.3, 0),
  (127, '2026-06-13', 50.0, 50.0, 50.0, 1837.0, 0),
  (128, '2026-06-13', 50.0, 50.0, 50.0, 1796.2, 0),
  (129, '2026-06-13', 50.0, 50.0, 50.0, 1658.8, 0),
  (130, '2026-06-13', 50.0, 50.0, 50.0, 1710.5, 0),
  (131, '2026-06-13', 50.0, 50.0, 50.0, 1693.9, 0),
  (132, '2026-06-13', 50.0, 50.0, 50.0, 1614.6, 0),
  (133, '2026-06-13', 50.0, 50.0, 50.0, 1545.9, 0),
  (134, '2026-06-13', 50.0, 50.0, 50.0, 1704.3, 0),
  (135, '2026-06-13', 50.0, 50.0, 50.0, 1706.7, 0),
  (136, '2026-06-13', 50.0, 50.0, 50.0, 1590.4, 0),
  (137, '2026-06-13', 50.0, 50.0, 50.0, 1766.2, 0),
  (138, '2026-06-13', 50.0, 50.0, 50.0, 1795.0, 0),
  (139, '2026-06-13', 50.0, 50.0, 50.0, 1744.7, 0),
  (140, '2026-06-13', 50.0, 50.0, 50.0, 1720.1, 0),
  (141, '2026-06-13', 50.0, 50.0, 50.0, 1740.9, 0),
  (142, '2026-06-13', 50.0, 50.0, 50.0, 1777.8, 0),
  (143, '2026-06-13', 50.0, 50.0, 50.0, 1734.9, 0),
  (144, '2026-06-13', 50.0, 50.0, 50.0, 1737.8, 0),
  (145, '2026-06-13', 50.0, 50.0, 50.0, 1740.8, 0),
  (146, '2026-06-13', 50.0, 50.0, 50.0, 1681.5, 0),
  (147, '2026-06-13', 50.0, 50.0, 50.0, 1415.5, 0),
  (100, '2026-06-14', 49.795909530564614, 48.633382496051155, 50.95843656507807, 1820.5, 1),
  (101, '2026-06-14', 51.8019854349629, 50.83092060409628, 52.773050265829525, 1806.6, 1),
  (102, '2026-06-14', 51.70835206122409, 54.300081219167716, 49.11662290328047, 1730.1, 1),
  (103, '2026-06-14', 49.24443656447864, 52.66069341939228, 45.828179709565006, 1912.5, 1),
  (104, '2026-06-14', 49.87277469070366, 50.69814752285777, 49.047401858549556, 1869.1, 1),
  (105, '2026-06-14', 53.24202581150561, 53.109685008664606, 53.37436661434662, 1858.7, 1),
  (106, '2026-06-14', 50.95251611046779, 54.090798090360245, 47.814234130575336, 1883.1, 1),
  (107, '2026-06-14', 51.876812189318436, 54.450085716343715, 49.303538662293164, 1886.3, 1),
  (108, '2026-06-14', 52.382795793556866, 52.97162132324028, 51.79397026387346, 1859.2, 1),
  (109, '2026-06-14', 50.58257068451202, 50.38742833958591, 50.77771302943813, 1869.4, 1),
  (110, '2026-06-14', 51.49648571107504, 51.52990784975817, 51.4630635723919, 1873.0, 1),
  (111, '2026-06-14', 51.127364955769096, 51.38920054160543, 50.86552936993276, 1869.4, 1),
  (112, '2026-06-14', 48.492854657645026, 49.02071532792332, 47.96499398736674, 1863.1, 1),
  (113, '2026-06-14', 53.8195899367338, 54.01864338016283, 53.620536493304776, 1838.3, 1),
  (114, '2026-06-14', 50.12698081868636, 51.66538937636475, 48.588572261007975, 1815.5, 1),
  (115, '2026-06-14', 51.33683058657458, 52.99890230906624, 49.67475886408291, 1828.7, 1),
  (116, '2026-06-14', 48.52496383494861, 49.237865540462856, 47.81206212943436, 1748.5, 1),
  (117, '2026-06-14', 50.71567532263809, 50.99446933676329, 50.436881308512895, 1717.8, 1),
  (118, '2026-06-14', 47.566442103555126, 48.18757709150869, 46.94530711560155, 1661.0, 1),
  (119, '2026-06-14', 52.01297939814946, 52.83252336896422, 51.19343542733471, 1833.2, 1),
  (120, '2026-06-14', 52.05596131164256, 47.7905964644495, 56.32132615883563, 1788.3, 1),
  (121, '2026-06-14', 48.73252115928529, 45.03838035849458, 52.426661960076004, 1771.5, 1),
  (122, '2026-06-14', 45.598014542197575, 47.63529302705515, 43.56073605734001, 1786.5, 1),
  (123, '2026-06-14', 51.647710131587694, 52.850107090060334, 50.445313173115046, 1579.6, 1),
  (124, '2026-06-14', 51.42450467310557, 52.247673818055745, 50.60133552815539, 1682.0, 1),
  (125, '2026-06-14', 44.458381099029296, 45.86023830035678, 43.056523897701815, 1591.5, 1),
  (126, '2026-06-14', 47.93156827002108, 47.304855768080174, 48.558280771961996, 1541.3, 1),
  (127, '2026-06-14', 49.75563481996924, 49.26588143353473, 50.245388206403746, 1837.0, 1),
  (128, '2026-06-14', 54.93473000378812, 56.862521169077, 53.006938838499245, 1796.2, 1),
  (129, '2026-06-14', 43.79046575929087, 46.30002311411316, 41.28090840446859, 1658.8, 1),
  (130, '2026-06-14', 48.12992673537036, 46.097511615083576, 50.162341855657154, 1710.5, 1),
  (131, '2026-06-14', 50.4266380124413, 48.68537968205545, 52.16789634282715, 1693.9, 1),
  (132, '2026-06-14', 48.391900415969374, 47.731953452842504, 49.05184737909625, 1614.6, 1),
  (133, '2026-06-14', 46.47224142587406, 45.55905772576091, 47.38542512598721, 1545.9, 1),
  (134, '2026-06-14', 49.23900403852238, 42.71963788213447, 55.7583701949103, 1704.3, 1),
  (135, '2026-06-14', 50.33045140483539, 44.0428512365062, 56.61805157316457, 1706.7, 1),
  (136, '2026-06-14', 50.0, 50.0, 50.0, 1590.4, 0),
  (137, '2026-06-14', 50.0, 50.0, 50.0, 1766.2, 0),
  (138, '2026-06-14', 50.0, 50.0, 50.0, 1795.0, 0),
  (139, '2026-06-14', 50.0, 50.0, 50.0, 1744.7, 0),
  (140, '2026-06-14', 50.0, 50.0, 50.0, 1720.1, 0),
  (141, '2026-06-14', 50.0, 50.0, 50.0, 1740.9, 0),
  (142, '2026-06-14', 50.0, 50.0, 50.0, 1777.8, 0),
  (143, '2026-06-14', 50.0, 50.0, 50.0, 1734.9, 0),
  (144, '2026-06-14', 50.0, 50.0, 50.0, 1737.8, 0),
  (145, '2026-06-14', 50.0, 50.0, 50.0, 1740.8, 0),
  (146, '2026-06-14', 50.0, 50.0, 50.0, 1681.5, 0),
  (147, '2026-06-14', 50.0, 50.0, 50.0, 1415.5, 0);

insert into predictions (match_id, home_win_prob, draw_prob, away_win_prob, predicted_home_goals, predicted_away_goals, upset_probability, model_version, generated_at) values
  (5021, 0.3424, 0.2969, 0.3607, 1.28, 1.32, 0.487, 'baseline-v1', '2026-06-14T06:00:00+00:00'),
  (5022, 0.3721, 0.2936, 0.3343, 1.33, 1.27, 0.4732, 'baseline-v1', '2026-06-14T06:00:00+00:00'),
  (5023, 0.3489, 0.2996, 0.3515, 1.3, 1.3, 0.4981, 'baseline-v1', '2026-06-14T06:00:00+00:00'),
  (5024, 0.4877, 0.2615, 0.2508, 1.51, 1.09, 0.3396, 'baseline-v1', '2026-06-14T06:00:00+00:00'),
  (5025, 0.3836, 0.2903, 0.3261, 1.35, 1.25, 0.4595, 'baseline-v1', '2026-06-14T06:00:00+00:00'),
  (5026, 0.3872, 0.2893, 0.3236, 1.36, 1.24, 0.4552, 'baseline-v1', '2026-06-14T06:00:00+00:00'),
  (5027, 0.3396, 0.2957, 0.3646, 1.28, 1.32, 0.4823, 'baseline-v1', '2026-06-14T06:00:00+00:00'),
  (5028, 0.3548, 0.2986, 0.3466, 1.31, 1.29, 0.4941, 'baseline-v1', '2026-06-14T06:00:00+00:00'),
  (5029, 0.3493, 0.2997, 0.351, 1.3, 1.3, 0.4988, 'baseline-v1', '2026-06-14T06:00:00+00:00'),
  (5030, 0.3537, 0.2989, 0.3474, 1.31, 1.29, 0.4955, 'baseline-v1', '2026-06-14T06:00:00+00:00'),
  (5031, 0.3633, 0.2961, 0.3406, 1.32, 1.28, 0.4839, 'baseline-v1', '2026-06-14T06:00:00+00:00'),
  (5032, 0.3344, 0.2936, 0.372, 1.27, 1.33, 0.4733, 'baseline-v1', '2026-06-14T06:00:00+00:00'),
  (5033, 0.4021, 0.285, 0.3129, 1.38, 1.22, 0.4377, 'baseline-v1', '2026-06-14T06:00:00+00:00'),
  (5034, 0.419, 0.2803, 0.3007, 1.41, 1.19, 0.4178, 'baseline-v1', '2026-06-14T06:00:00+00:00'),
  (5035, 0.3956, 0.2869, 0.3175, 1.37, 1.23, 0.4453, 'baseline-v1', '2026-06-14T06:00:00+00:00'),
  (5036, 0.2931, 0.2773, 0.4296, 1.18, 1.42, 0.4055, 'baseline-v1', '2026-06-14T06:00:00+00:00'),
  (5037, 0.4474, 0.2724, 0.2802, 1.45, 1.15, 0.385, 'baseline-v1', '2026-06-14T06:00:00+00:00'),
  (5038, 0.5126, 0.2549, 0.2325, 1.54, 1.06, 0.3121, 'baseline-v1', '2026-06-14T06:00:00+00:00'),
  (5039, 0.4418, 0.274, 0.2842, 1.44, 1.16, 0.3915, 'baseline-v1', '2026-06-14T06:00:00+00:00'),
  (5040, 0.4142, 0.2816, 0.3041, 1.4, 1.2, 0.4234, 'baseline-v1', '2026-06-14T06:00:00+00:00'),
  (5041, 0.3126, 0.2849, 0.4024, 1.22, 1.38, 0.4372, 'baseline-v1', '2026-06-14T06:00:00+00:00'),
  (5042, 0.4603, 0.2689, 0.2708, 1.47, 1.13, 0.3704, 'baseline-v1', '2026-06-14T06:00:00+00:00'),
  (5043, 0.2736, 0.27, 0.4564, 1.14, 1.46, 0.3748, 'baseline-v1', '2026-06-14T06:00:00+00:00'),
  (5044, 0.3422, 0.2968, 0.3611, 1.28, 1.32, 0.4866, 'baseline-v1', '2026-06-14T06:00:00+00:00'),
  (5045, 0.3288, 0.2914, 0.3798, 1.25, 1.35, 0.464, 'baseline-v1', '2026-06-14T06:00:00+00:00'),
  (5046, 0.3478, 0.2991, 0.3531, 1.3, 1.3, 0.4963, 'baseline-v1', '2026-06-14T06:00:00+00:00'),
  (5047, 0.3791, 0.2916, 0.3293, 1.35, 1.25, 0.4649, 'baseline-v1', '2026-06-14T06:00:00+00:00'),
  (5048, 0.2293, 0.2537, 0.517, 1.05, 1.55, 0.3072, 'baseline-v1', '2026-06-14T06:00:00+00:00'),
  (5049, 0.3939, 0.2874, 0.3188, 1.37, 1.23, 0.4473, 'baseline-v1', '2026-06-14T06:00:00+00:00'),
  (5050, 0.3903, 0.2884, 0.3213, 1.36, 1.24, 0.4516, 'baseline-v1', '2026-06-14T06:00:00+00:00'),
  (5051, 0.3727, 0.2934, 0.3339, 1.34, 1.26, 0.4726, 'baseline-v1', '2026-06-14T06:00:00+00:00'),
  (5052, 0.3531, 0.2991, 0.3478, 1.3, 1.3, 0.5038, 'baseline-v1', '2026-06-14T06:00:00+00:00'),
  (5053, 0.3476, 0.299, 0.3534, 1.29, 1.31, 0.5041, 'baseline-v1', '2026-06-14T06:00:00+00:00'),
  (5054, 0.3443, 0.2976, 0.3581, 1.29, 1.31, 0.4901, 'baseline-v1', '2026-06-14T06:00:00+00:00'),
  (5055, 0.3518, 0.2995, 0.3487, 1.3, 1.3, 0.5022, 'baseline-v1', '2026-06-14T06:00:00+00:00'),
  (5056, 0.3873, 0.2892, 0.3235, 1.36, 1.24, 0.4551, 'baseline-v1', '2026-06-14T06:00:00+00:00'),
  (5057, 0.4182, 0.2805, 0.3013, 1.41, 1.19, 0.4187, 'baseline-v1', '2026-06-14T06:00:00+00:00'),
  (5058, 0.4013, 0.2853, 0.3135, 1.38, 1.22, 0.4386, 'baseline-v1', '2026-06-14T06:00:00+00:00'),
  (5059, 0.2701, 0.2686, 0.4613, 1.13, 1.47, 0.3693, 'baseline-v1', '2026-06-14T06:00:00+00:00'),
  (5060, 0.3638, 0.296, 0.3402, 1.32, 1.28, 0.5167, 'baseline-v1', '2026-06-14T06:00:00+00:00'),
  (5061, 0.419, 0.2803, 0.3007, 1.41, 1.19, 0.4178, 'baseline-v1', '2026-06-14T06:00:00+00:00'),
  (5062, 0.352, 0.2994, 0.3486, 1.3, 1.3, 0.4976, 'baseline-v1', '2026-06-14T06:00:00+00:00'),
  (5063, 0.2895, 0.276, 0.4345, 1.17, 1.43, 0.3999, 'baseline-v1', '2026-06-14T06:00:00+00:00'),
  (5064, 0.3094, 0.2837, 0.4069, 1.21, 1.39, 0.432, 'baseline-v1', '2026-06-14T06:00:00+00:00'),
  (5065, 0.4113, 0.2824, 0.3063, 1.4, 1.2, 0.4268, 'baseline-v1', '2026-06-14T06:00:00+00:00'),
  (5066, 0.2771, 0.2713, 0.4516, 1.14, 1.46, 0.3803, 'baseline-v1', '2026-06-14T06:00:00+00:00'),
  (5067, 0.4303, 0.2771, 0.2926, 1.42, 1.18, 0.4047, 'baseline-v1', '2026-06-14T06:00:00+00:00'),
  (5068, 0.3395, 0.2957, 0.3648, 1.28, 1.32, 0.482, 'baseline-v1', '2026-06-14T06:00:00+00:00'),
  (5069, 0.3576, 0.2978, 0.3446, 1.31, 1.29, 0.4908, 'baseline-v1', '2026-06-14T06:00:00+00:00'),
  (5070, 0.3365, 0.2945, 0.369, 1.27, 1.33, 0.477, 'baseline-v1', '2026-06-14T06:00:00+00:00'),
  (5071, 0.2303, 0.2541, 0.5156, 1.05, 1.55, 0.3088, 'baseline-v1', '2026-06-14T06:00:00+00:00'),
  (5072, 0.3807, 0.2911, 0.3282, 1.35, 1.25, 0.463, 'baseline-v1', '2026-06-14T06:00:00+00:00');

commit;
